#version,serial,flight,time,state,state_name,acceleration,pressure,altitude,height,speed,temperature,drogue_voltage,main_voltage,battery_voltage
6, 13230, 5,    -0.62, 3,   boost,    6.44, 100714.00,   50.99,   -0.33,   13.59,  8.0, 0.02, 0.00, 9.29
6, 13230, 5,    -0.61, 3,   boost,    6.76, 100702.00,   51.99,    0.67,   13.73,  8.0, 0.02, 0.00, 9.29
6, 13230, 5,    -0.60, 3,   boost,    7.09, 100701.00,   52.07,    0.75,   13.87,  8.0, 0.02, 0.00, 9.29
6, 13230, 5,    -0.59, 3,   boost,    7.43, 100699.00,   52.24,    0.92,   14.01,  8.0, 0.02, 0.00, 9.29
6, 13230, 5,    -0.58, 3,   boost,    7.78, 100694.00,   52.66,    1.34,   14.16,  8.0, 0.02, 0.00, 9.29
6, 13230, 5,    -0.57, 3,   boost,    8.13, 100687.00,   53.24,    1.92,   14.30,  8.0, 0.02, 0.00, 9.29
6, 13230, 5,    -0.56, 3,   boost,    8.50, 100681.00,   53.75,    2.43,   14.45,  8.0, 0.02, 0.00, 9.29
6, 13230, 5,    -0.55, 3,   boost,    8.87, 100675.00,   54.25,    2.93,   14.59,  8.0, 0.02, 0.00, 9.29
6, 13230, 5,    -0.54, 3,   boost,    9.24, 100663.00,   55.25,    3.93,   14.74,  8.0, 0.02, 0.00, 9.29
6, 13230, 5,    -0.53, 3,   boost,    9.62, 100647.00,   56.59,    5.27,   14.89,  8.0, 0.02, 0.00, 9.29
6, 13230, 5,    -0.52, 3,   boost,   10.00, 100635.00,   57.60,    6.28,   15.04,  8.0, 0.02, 0.00, 9.29
6, 13230, 5,    -0.51, 3,   boost,   10.37, 100630.00,   58.01,    6.69,   15.19,  8.0, 0.02, 0.00, 9.29
6, 13230, 5,    -0.50, 3,   boost,   10.75, 100633.00,   57.76,    6.44,   15.34,  8.0, 0.02, 0.00, 9.29
6, 13230, 5,    -0.49, 3,   boost,   11.12, 100645.00,   56.76,    5.44,   15.49,  8.0, 0.02, 0.00, 9.29
6, 13230, 5,    -0.48, 3,   boost,   11.49, 100644.00,   56.84,    5.52,   15.64,  8.0, 0.02, 0.00, 9.29
6, 13230, 5,    -0.47, 3,   boost,   11.85, 100629.00,   58.10,    6.78,   15.79,  8.0, 0.02, 0.00, 9.29
6, 13230, 5,    -0.46, 3,   boost,   12.19, 100620.00,   58.85,    7.53,   15.94,  8.0, 0.02, 0.00, 9.29
6, 13230, 5,    -0.45, 3,   boost,   12.53, 100609.00,   59.77,    8.45,   16.09,  8.0, 0.02, 0.00, 9.29
6, 13230, 5,    -0.44, 3,   boost,   12.85, 100597.00,   60.78,    9.46,   16.25,  8.0, 0.02, 0.00, 9.29
6, 13230, 5,    -0.43, 3,   boost,   13.16, 100579.00,   62.28,   10.96,   16.40,  8.0, 0.02, 0.00, 9.29
6, 13230, 5,    -0.42, 3,   boost,   13.44, 100569.00,   63.12,   11.80,   16.55,  8.0, 0.02, 0.00, 9.29
6, 13230, 5,    -0.41, 3,   boost,   13.71, 100559.00,   63.96,   12.64,   16.71,  8.0, 0.02, 0.00, 9.29
6, 13230, 5,    -0.40, 3,   boost,   13.95, 100552.00,   64.55,   13.23,   16.86,  8.0, 0.02, 0.00, 9.29
6, 13230, 5,    -0.39, 3,   boost,   14.18, 100546.00,   65.05,   13.73,   17.02,  8.0, 0.02, 0.00, 9.29
6, 13230, 5,    -0.38, 3,   boost,   14.38, 100548.00,   64.88,   13.56,   17.17,  8.0, 0.02, 0.00, 9.29
6, 13230, 5,    -0.37, 3,   boost,   14.55, 100546.00,   65.05,   13.73,   17.33,  8.0, 0.02, 0.00, 9.29
6, 13230, 5,    -0.36, 3,   boost,   14.70, 100532.00,   66.22,   14.90,   17.48,  8.0, 0.02, 0.00, 9.29
6, 13230, 5,    -0.35, 3,   boost,   14.82, 100527.00,   66.64,   15.32,   17.64,  8.0, 0.02, 0.00, 9.29
6, 13230, 5,    -0.34, 3,   boost,   14.92, 100525.00,   66.81,   15.49,   17.80,  8.0, 0.02, 0.00, 9.29
6, 13230, 5,    -0.33, 3,   boost,   15.00, 100519.00,   67.31,   15.99,   17.95,  8.0, 0.02, 0.00, 9.29
6, 13230, 5,    -0.32, 3,   boost,   15.05, 100524.00,   66.89,   15.57,   18.11,  8.0, 0.02, 0.00, 9.29
6, 13230, 5,    -0.31, 3,   boost,   15.08, 100517.00,   67.48,   16.16,   18.26,  8.0, 0.02, 0.00, 9.29
6, 13230, 5,    -0.30, 3,   boost,   15.09, 100505.00,   68.48,   17.16,   18.42,  8.0, 0.02, 0.00, 9.29
6, 13230, 5,    -0.29, 3,   boost,   15.08, 100501.00,   68.82,   17.50,   18.57,  8.0, 0.02, 0.00, 9.29
6, 13230, 5,    -0.28, 3,   boost,   15.05, 100500.00,   68.90,   17.58,   18.73,  8.0, 0.02, 0.00, 9.29
6, 13230, 5,    -0.27, 3,   boost,   15.01, 100493.00,   69.49,   18.17,   18.88,  8.0, 0.02, 0.00, 9.29
6, 13230, 5,    -0.26, 3,   boost,   14.95, 100485.00,   70.16,   18.84,   19.04,  8.0, 0.02, 0.00, 9.29
6, 13230, 5,    -0.25, 3,   boost,   14.88, 100484.00,   70.24,   18.92,   19.19,  8.0, 0.02, 0.00, 9.29
6, 13230, 5,    -0.24, 3,   boost,   14.79, 100476.00,   70.91,   19.59,   19.35,  8.0, 0.02, 0.00, 9.29
6, 13230, 5,    -0.23, 3,   boost,   14.70, 100471.00,   71.33,   20.01,   19.50,  8.0, 0.02, 0.00, 9.29
6, 13230, 5,    -0.22, 3,   boost,   14.60, 100474.00,   71.08,   19.76,   19.65,  8.0, 0.02, 0.00, 9.29
6, 13230, 5,    -0.21, 3,   boost,   14.50, 100466.00,   71.75,   20.43,   19.81,  8.0, 0.02, 0.00, 9.29
6, 13230, 5,    -0.20, 3,   boost,   14.39, 100454.00,   72.76,   21.44,   19.96,  8.0, 0.02, 0.00, 9.29
6, 13230, 5,    -0.19, 3,   boost,   14.28, 100454.00,   72.76,   21.44,   20.11,  8.0, 0.02, 0.00, 9.29
6, 13230, 5,    -0.18, 3,   boost,   14.17, 100444.00,   73.60,   22.28,   20.26,  8.0, 0.02, 0.00, 9.29
6, 13230, 5,    -0.17, 3,   boost,   14.05, 100441.00,   73.85,   22.53,   20.41,  8.0, 0.02, 0.00, 9.29
6, 13230, 5,    -0.16, 3,   boost,   13.94, 100435.00,   74.35,   23.03,   20.56,  8.0, 0.02, 0.00, 9.29
6, 13230, 5,    -0.15, 3,   boost,   13.82, 100434.00,   74.43,   23.11,   20.71,  8.0, 0.02, 0.00, 9.29
6, 13230, 5,    -0.14, 3,   boost,   13.71, 100426.00,   75.10,   23.78,   20.86,  8.0, 0.02, 0.00, 9.29
6, 13230, 5,    -0.13, 3,   boost,   13.59, 100411.00,   76.36,   25.04,   21.00,  8.0, 0.02, 0.00, 9.29
6, 13230, 5,    -0.12, 3,   boost,   13.47, 100412.00,   76.28,   24.96,   21.15,  8.0, 0.02, 0.00, 9.29
6, 13230, 5,    -0.11, 3,   boost,   13.35, 100405.00,   76.87,   25.55,   21.29,  8.0, 0.02, 0.00, 9.29
6, 13230, 5,    -0.10, 3,   boost,   13.23, 100400.00,   77.29,   25.96,   21.43,  8.0, 0.02, 0.00, 9.29
6, 13230, 5,    -0.09, 3,   boost,   13.10, 100396.00,   77.62,   26.30,   21.57,  8.0, 0.02, 0.00, 9.29
6, 13230, 5,    -0.08, 3,   boost,   12.96, 100385.00,   78.54,   27.22,   21.71,  8.0, 0.02, 0.00, 9.29
6, 13230, 5,    -0.07, 3,   boost,   12.82, 100381.00,   78.88,   27.56,   21.85,  8.0, 0.02, 0.00, 9.29
6, 13230, 5,    -0.06, 3,   boost,   12.67, 100381.00,   78.88,   27.56,   21.99,  8.0, 0.02, 0.00, 9.29
6, 13230, 5,    -0.05, 3,   boost,   12.52, 100377.00,   79.21,   27.89,   22.13,  8.0, 0.02, 0.00, 9.29
6, 13230, 5,    -0.04, 3,   boost,   12.36, 100377.00,   79.21,   27.89,   22.26,  8.0, 0.02, 0.00, 9.29
6, 13230, 5,    -0.03, 3,   boost,   12.20, 100377.00,   79.21,   27.89,   22.39,  8.0, 0.02, 0.00, 9.29
6, 13230, 5,    -0.02, 3,   boost,   12.03, 100375.00,   79.38,   28.06,   22.52,  8.0, 0.02, 0.00, 9.29
6, 13230, 5,    -0.01, 3,   boost,   11.86, 100376.00,   79.30,   27.98,   22.65,  8.0, 0.02, 0.00, 9.29
6, 13230, 5,     0.00, 3,   boost,   11.69, 100377.00,   79.21,   27.89,   22.78,  8.0, 0.02, 0.00, 9.29
6, 13230, 5,     0.00, 3,   boost,   11.69, 100377.00,   79.21,   27.89,   22.78,  8.0, 0.02, 0.00, 9.29
6, 13230, 5,     0.00, 3,   boost,   11.69, 100377.00,   79.21,   27.89,   22.78,  8.0, 0.02, 0.00, 9.29
6, 13230, 5,     0.00, 3,   boost,   11.69, 100377.00,   79.21,   27.89,   22.78,  8.0, 0.02, 0.00, 9.29
6, 13230, 5,     0.00, 3,   boost,   11.69, 100377.00,   79.21,   27.89,   22.78,  8.0, 0.02, 0.00, 9.29
6, 13230, 5,     0.00, 3,   boost,   11.69, 100377.00,   79.21,   27.89,   22.78,  8.0, 0.02, 0.00, 9.29
6, 13230, 5,     0.00, 3,   boost,   11.69, 100377.00,   79.21,   27.89,   22.78,  8.0, 0.02, 0.00, 9.29
6, 13230, 5,     0.00, 3,   boost,   11.69, 100377.00,   79.21,   27.89,   22.78,  8.0, 0.02, 0.00, 9.29
6, 13230, 5,     0.00, 3,   boost,   11.69, 100377.00,   79.21,   27.89,   22.78,  8.0, 0.02, 0.00, 9.29
6, 13230, 5,     0.00, 3,   boost,   11.69, 100377.00,   79.21,   27.89,   22.78,  8.0, 0.02, 0.00, 9.29
6, 13230, 5,     0.00, 3,   boost,   11.69, 100377.00,   79.21,   27.89,   22.78,  8.0, 0.02, 0.00, 9.29
6, 13230, 5,     0.00, 3,   boost,   11.69, 100377.00,   79.21,   27.89,   22.78,  8.0, 0.02, 0.00, 9.29
6, 13230, 5,     0.00, 3,   boost,   11.69, 100377.00,   79.21,   27.89,   22.78,  8.0, 0.02, 0.00, 9.29
6, 13230, 5,     0.00, 3,   boost,   11.69, 100377.00,   79.21,   27.89,   22.78,  8.0, 0.02, 0.00, 9.29
6, 13230, 5,     0.00, 3,   boost,   11.69, 100377.00,   79.21,   27.89,   22.78,  8.0, 0.02, 0.00, 9.29
6, 13230, 5,     0.00, 3,   boost,   11.69, 100377.00,   79.21,   27.89,   22.78,  8.0, 0.02, 0.00, 9.29
6, 13230, 5,     0.00, 3,   boost,   11.69, 100377.00,   79.21,   27.89,   22.78,  8.0, 0.02, 0.00, 9.29
6, 13230, 5,     0.00, 3,   boost,   11.69, 100377.00,   79.21,   27.89,   22.78,  8.0, 0.02, 0.00, 9.29
6, 13230, 5,     0.00, 3,   boost,   11.69, 100377.00,   79.21,   27.89,   22.78,  8.0, 0.02, 0.00, 9.29
6, 13230, 5,     0.00, 3,   boost,   11.69, 100377.00,   79.21,   27.89,   22.78,  8.0, 0.02, 0.00, 9.29
6, 13230, 5,     0.00, 3,   boost,   11.69, 100377.00,   79.21,   27.89,   22.78,  8.0, 0.02, 0.00, 9.29
6, 13230, 5,     0.00, 3,   boost,   11.69, 100377.00,   79.21,   27.89,   22.78,  8.0, 0.02, 0.00, 9.29
6, 13230, 5,     0.00, 3,   boost,   11.69, 100377.00,   79.21,   27.89,   22.78,  8.0, 0.02, 0.00, 9.29
6, 13230, 5,     0.00, 3,   boost,   11.69, 100377.00,   79.21,   27.89,   22.78,  8.0, 0.02, 0.00, 9.29
6, 13230, 5,     0.00, 3,   boost,   11.69, 100377.00,   79.21,   27.89,   22.78,  8.0, 0.02, 0.00, 9.29
6, 13230, 5,     0.00, 3,   boost,   11.69, 100377.00,   79.21,   27.89,   22.78,  8.0, 0.02, 0.00, 9.29
6, 13230, 5,     0.00, 3,   boost,   11.69, 100377.00,   79.21,   27.89,   22.78,  8.0, 0.02, 0.00, 9.29
6, 13230, 5,     0.00, 3,   boost,   11.69, 100377.00,   79.21,   27.89,   22.78,  8.0, 0.02, 0.00, 9.29
6, 13230, 5,     0.00, 3,   boost,   11.69, 100377.00,   79.21,   27.89,   22.78,  8.0, 0.02, 0.00, 9.29
6, 13230, 5,     0.00, 3,   boost,   11.69, 100377.00,   79.21,   27.89,   22.78,  8.0, 0.02, 0.00, 9.29
6, 13230, 5,     0.00, 3,   boost,   11.69, 100377.00,   79.21,   27.89,   22.78,  8.0, 0.02, 0.00, 9.29
6, 13230, 5,     0.00, 3,   boost,   11.69, 100377.00,   79.21,   27.89,   22.78,  8.0, 0.02, 0.00, 9.29
6, 13230, 5,     0.00, 3,   boost,   11.69, 100377.00,   79.21,   27.89,   22.78,  8.0, 0.02, 0.00, 9.29
6, 13230, 5,     0.00, 3,   boost,   11.69, 100377.00,   79.21,   27.89,   22.78,  8.0, 0.02, 0.00, 9.29
6, 13230, 5,     0.00, 3,   boost,   11.69, 100377.00,   79.21,   27.89,   22.78,  8.0, 0.02, 0.00, 9.29
6, 13230, 5,     0.00, 3,   boost,   11.69, 100377.00,   79.21,   27.89,   22.78,  8.0, 0.02, 0.00, 9.29
6, 13230, 5,     0.00, 3,   boost,   11.69, 100377.00,   79.21,   27.89,   22.78,  8.0, 0.02, 0.00, 9.29
6, 13230, 5,     0.00, 3,   boost,   11.69, 100377.00,   79.21,   27.89,   22.78,  8.0, 0.02, 0.00, 9.29
6, 13230, 5,     0.00, 3,   boost,   11.69, 100377.00,   79.21,   27.89,   22.78,  8.0, 0.02, 0.00, 9.29
6, 13230, 5,     0.00, 3,   boost,   11.69, 100377.00,   79.21,   27.89,   22.78,  8.0, 0.02, 0.00, 9.29
6, 13230, 5,     0.00, 3,   boost,   11.69, 100377.00,   79.21,   27.89,   22.78,  8.0, 0.02, 0.00, 9.29
6, 13230, 5,     0.00, 3,   boost,   11.69, 100377.00,   79.21,   27.89,   22.78,  8.0, 0.02, 0.00, 9.29
6, 13230, 5,     0.00, 3,   boost,   11.69, 100377.00,   79.21,   27.89,   22.78,  8.0, 0.02, 0.00, 9.29
6, 13230, 5,     0.00, 3,   boost,   11.69, 100377.00,   79.21,   27.89,   22.78,  8.0, 0.02, 0.00, 9.29
6, 13230, 5,     0.00, 3,   boost,   11.69, 100377.00,   79.21,   27.89,   22.78,  8.0, 0.02, 0.00, 9.29
6, 13230, 5,     0.00, 3,   boost,   11.69, 100377.00,   79.21,   27.89,   22.78,  8.0, 0.02, 0.00, 9.29
6, 13230, 5,     0.00, 3,   boost,   11.69, 100377.00,   79.21,   27.89,   22.78,  8.0, 0.02, 0.00, 9.29
6, 13230, 5,     0.00, 3,   boost,   11.69, 100377.00,   79.21,   27.89,   22.78,  8.0, 0.02, 0.00, 9.29
6, 13230, 5,     0.00, 3,   boost,   11.69, 100377.00,   79.21,   27.89,   22.78,  8.0, 0.02, 0.00, 9.29
6, 13230, 5,     0.00, 3,   boost,   11.69, 100377.00,   79.21,   27.89,   22.78,  8.0, 0.02, 0.00, 9.29
6, 13230, 5,     0.00, 3,   boost,   11.69, 100377.00,   79.21,   27.89,   22.78,  8.0, 0.02, 0.00, 9.29
6, 13230, 5,     0.00, 3,   boost,   11.69, 100377.00,   79.21,   27.89,   22.78,  8.0, 0.02, 0.00, 9.29
6, 13230, 5,     0.00, 3,   boost,   11.69, 100377.00,   79.21,   27.89,   22.78,  8.0, 0.02, 0.00, 9.29
6, 13230, 5,     0.00, 3,   boost,   11.69, 100377.00,   79.21,   27.89,   22.78,  8.0, 0.02, 0.00, 9.29
6, 13230, 5,     0.00, 3,   boost,   11.69, 100377.00,   79.21,   27.89,   22.78,  8.0, 0.02, 0.00, 9.29
6, 13230, 5,     0.00, 3,   boost,   11.69, 100377.00,   79.21,   27.89,   22.78,  8.0, 0.02, 0.00, 9.29
6, 13230, 5,     0.00, 3,   boost,   11.69, 100377.00,   79.21,   27.89,   22.78,  8.0, 0.02, 0.00, 9.29
6, 13230, 5,     0.00, 3,   boost,   11.69, 100377.00,   79.21,   27.89,   22.78,  8.0, 0.02, 0.00, 9.29
6, 13230, 5,     0.00, 3,   boost,   11.69, 100377.00,   79.21,   27.89,   22.78,  8.0, 0.02, 0.00, 9.29
6, 13230, 5,     0.00, 3,   boost,   11.69, 100377.00,   79.21,   27.89,   22.78,  8.0, 0.02, 0.00, 9.29
6, 13230, 5,     0.00, 3,   boost,   11.69, 100377.00,   79.21,   27.89,   22.78,  8.0, 0.02, 0.00, 9.29
6, 13230, 5,     0.00, 3,   boost,   11.69, 100377.00,   79.21,   27.89,   22.78,  8.0, 0.02, 0.00, 9.29
6, 13230, 5,     0.00, 3,   boost,   11.69, 100377.00,   79.21,   27.89,   22.78,  8.0, 0.02, 0.00, 9.29
6, 13230, 5,     0.00, 3,   boost,   11.69, 100377.00,   79.21,   27.89,   22.78,  8.0, 0.02, 0.00, 9.29
6, 13230, 5,     0.01, 3,   boost,   11.51, 100377.00,   79.21,   27.89,   22.90,  8.0, 0.00, 0.00, 9.26
6, 13230, 5,     0.01, 3,   boost,   11.51, 100377.00,   79.21,   27.89,   22.90,  8.0, 0.00, 0.00, 9.26
6, 13230, 5,     0.02, 3,   boost,   11.32, 100377.00,   79.21,   27.89,   23.03,  8.0, 0.02, 0.00, 9.29
6, 13230, 5,     0.03, 3,   boost,   11.13, 100397.00,   77.54,   26.22,   23.15,  8.0, 0.02, 0.00, 9.29
6, 13230, 5,     0.04, 3,   boost,   10.93, 100408.00,   76.61,   25.29,   23.27,  8.0, 0.02, 0.00, 9.29
6, 13230, 5,     0.05, 3,   boost,   10.74, 100408.00,   76.61,   25.29,   23.39,  8.0, 0.02, 0.00, 9.29
6, 13230, 5,     0.06, 3,   boost,   10.53, 100417.00,   75.86,   24.54,   23.50,  8.0, 0.02, 0.00, 9.29
6, 13230, 5,     0.07, 3,   boost,   10.32, 100421.00,   75.52,   24.20,   23.62,  8.0, 0.02, 0.00, 9.29
6, 13230, 5,     0.08, 3,   boost,   10.11, 100428.00,   74.94,   23.62,   23.73,  8.0, 0.02, 0.00, 9.29
6, 13230, 5,     0.09, 3,   boost,    9.89, 100437.00,   74.18,   22.86,   23.83,  8.0, 0.00, 0.01, 9.28
6, 13230, 5,     0.10, 3,   boost,    9.67, 100440.00,   73.93,   22.61,   23.94,  8.0, 0.02, 0.00, 9.29
6, 13230, 5,     0.11, 3,   boost,    9.45, 100434.00,   74.43,   23.11,   24.05,  8.0, 0.02, 0.00, 9.29
6, 13230, 5,     0.12, 3,   boost,    9.22, 100439.00,   74.02,   22.69,   24.15,  8.0, 0.00, 0.01, 9.28
6, 13230, 5,     0.13, 3,   boost,    8.99, 100439.00,   74.02,   22.69,   24.25,  8.0, 0.02, 0.00, 9.28
6, 13230, 5,     0.14, 3,   boost,    8.76, 100437.00,   74.18,   22.86,   24.34,  8.0, 0.02, 0.00, 9.29
6, 13230, 5,     0.15, 3,   boost,    8.52, 100428.00,   74.94,   23.62,   24.44,  8.0, 0.02, 0.00, 9.29
6, 13230, 5,     0.16, 3,   boost,    8.28, 100423.00,   75.36,   24.04,   24.53,  8.0, 0.02, 0.00, 9.29
6, 13230, 5,     0.17, 3,   boost,    8.03, 100425.00,   75.19,   23.87,   24.62,  8.0, 0.02, 0.00, 9.29
6, 13230, 5,     0.18, 3,   boost,    7.78, 100423.00,   75.36,   24.04,   24.70,  8.0, 0.02, 0.00, 9.29
6, 13230, 5,     0.19, 3,   boost,    7.53, 100420.00,   75.61,   24.29,   24.78,  8.0, 0.02, 0.00, 9.29
6, 13230, 5,     0.20, 3,   boost,    7.28, 100424.00,   75.27,   23.95,   24.86,  8.0, 0.02, 0.00, 9.29
6, 13230, 5,     0.21, 3,   boost,    7.02, 100413.00,   76.20,   24.87,   24.94,  8.0, 0.02, 0.00, 9.29
6, 13230, 5,     0.22, 3,   boost,    6.77, 100414.00,   76.11,   24.79,   25.02,  8.0, 0.02, 0.00, 9.29
6, 13230, 5,     0.23, 3,   boost,    6.51, 100405.00,   76.87,   25.55,   25.09,  8.0, 0.00, 0.01, 9.28
6, 13230, 5,     0.24, 3,   boost,    6.24, 100405.00,   76.87,   25.55,   25.16,  8.0, 0.02, 0.00, 9.28
6, 13230, 5,     0.25, 3,   boost,    5.98, 100404.00,   76.95,   25.63,   25.22,  8.0, 0.02, 0.00, 9.29
6, 13230, 5,     0.26, 3,   boost,    5.71, 100392.00,   77.96,   26.64,   25.29,  8.0, 0.02, 0.00, 9.29
6, 13230, 5,     0.27, 3,   boost,    5.45, 100392.00,   77.96,   26.64,   25.35,  8.0, 0.02, 0.00, 9.29
6, 13230, 5,     0.28, 3,   boost,    5.18, 100383.00,   78.71,   27.39,   25.40,  8.0, 0.02, 0.00, 9.29
6, 13230, 5,     0.29, 3,   boost,    4.91, 100379.00,   79.05,   27.73,   25.46,  8.0, 0.02, 0.00, 9.29
6, 13230, 5,     0.30, 3,   boost,    4.64, 100375.00,   79.38,   28.06,   25.51,  8.0, 0.00, 0.01, 9.28
6, 13230, 5,     0.31, 3,   boost,    4.37, 100374.00,   79.47,   28.15,   25.56,  8.0, 0.02, 0.00, 9.29
6, 13230, 5,     0.32, 3,   boost,    4.09, 100364.00,   80.30,   28.98,   25.60,  8.0, 0.02, 0.00, 9.29
6, 13230, 5,     0.33, 3,   boost,    3.82, 100366.00,   80.14,   28.82,   25.64,  8.0, 0.02, 0.00, 9.29
6, 13230, 5,     0.34, 3,   boost,    3.55, 100357.00,   80.89,   29.57,   25.68,  8.0, 0.00, 0.01, 9.28
6, 13230, 5,     0.35, 3,   boost,    3.27, 100357.00,   80.89,   29.57,   25.72,  8.0, 0.02, 0.00, 9.28
6, 13230, 5,     0.36, 3,   boost,    3.00, 100357.00,   80.89,   29.57,   25.75,  8.0, 0.02, 0.00, 9.29
6, 13230, 5,     0.37, 3,   boost,    2.73, 100347.00,   81.73,   30.41,   25.78,  7.9, 0.00, 0.01, 9.28
6, 13230, 5,     0.38, 3,   boost,    2.46, 100350.00,   81.48,   30.16,   25.80,  8.0, 0.02, 0.00, 9.29
6, 13230, 5,     0.39, 3,   boost,    2.18, 100344.00,   81.98,   30.66,   25.83,  8.0, 0.02, 0.00, 9.29
6, 13230, 5,     0.40, 3,   boost,    1.91, 100338.00,   82.49,   31.17,   25.85,  8.0, 0.02, 0.00, 9.29
6, 13230, 5,     0.41, 3,   boost,    1.64, 100338.00,   82.49,   31.17,   25.87,  8.0, 0.02, 0.00, 9.29
6, 13230, 5,     0.42, 3,   boost,    1.37, 100336.00,   82.65,   31.33,   25.88,  8.0, 0.02, 0.00, 9.29
6, 13230, 5,     0.43, 3,   boost,    1.11, 100333.00,   82.91,   31.59,   25.89,  8.0, 0.02, 0.00, 9.29
6, 13230, 5,     0.44, 3,   boost,    0.84, 100322.00,   83.83,   32.51,   25.90,  8.0, 0.00, 0.01, 9.28
6, 13230, 5,     0.45, 3,   boost,    0.58, 100322.00,   83.83,   32.51,   25.91,  8.0, 0.00, 0.01, 9.28
6, 13230, 5,     0.46, 3,   boost,    0.31, 100322.00,   83.83,   32.51,   25.91,  8.0, 0.02, 0.00, 9.28
6, 13230, 5,     0.47, 3,   boost,    0.05, 100316.00,   84.33,   33.01,   25.91,  8.0, 0.02, 0.00, 9.29
6, 13230, 5,     0.48, 3,   boost,   -0.20, 100303.00,   85.42,   34.10,   25.90,  7.9, 0.02, 0.00, 9.29
6, 13230, 5,     0.49, 3,   boost,   -0.46, 100300.00,   85.67,   34.35,   25.90,  7.9, 0.02, 0.00, 9.29
6, 13230, 5,     0.50, 3,   boost,   -0.71, 100301.00,   85.59,   34.27,   25.89,  8.0, 0.02, 0.00, 9.29
6, 13230, 5,     0.51, 3,   boost,   -0.96, 100290.00,   86.51,   35.19,   25.88,  8.0, 0.00, 0.01, 9.31
6, 13230, 5,     0.52, 3,   boost,   -1.21, 100290.00,   86.51,   35.19,   25.86,  8.0, 0.02, 0.00, 9.29
6, 13230, 5,     0.53, 3,   boost,   -1.46, 100285.00,   86.93,   35.61,   25.84,  8.0, 0.02, 0.00, 9.29
6, 13230, 5,     0.54, 3,   boost,   -1.70, 100274.00,   87.86,   36.54,   25.82,  8.0, 0.02, 0.00, 9.29
6, 13230, 5,     0.55, 3,   boost,   -1.94, 100279.00,   87.44,   36.12,   25.80,  8.0, 0.02, 0.00, 9.29
6, 13230, 5,     0.56, 3,   boost,   -2.17, 100277.00,   87.61,   36.29,   25.77,  8.0, 0.00, 0.01, 9.28
6, 13230, 5,     0.57, 3,   boost,   -2.40, 100277.00,   87.61,   36.29,   25.75,  8.0, 0.02, 0.00, 9.28
6, 13230, 5,     0.58, 3,   boost,   -2.63, 100269.00,   88.28,   36.96,   25.72,  8.0, 0.00, 0.01, 9.28
6, 13230, 5,     0.59, 3,   boost,   -2.85, 100272.00,   88.03,   36.70,   25.68,  7.9, 0.02, 0.00, 9.29
6, 13230, 5,     0.60, 3,   boost,   -3.07, 100261.00,   88.95,   37.63,   25.65,  7.9, 0.02, 0.00, 9.29
6, 13230, 5,     0.61, 3,   boost,   -3.29, 100258.00,   89.20,   37.88,   25.61,  7.9, 0.02, 0.00, 9.29
6, 13230, 5,     0.62, 3,   boost,   -3.50, 100254.00,   89.54,   38.22,   25.57,  7.9, 0.02, 0.00, 9.29
6, 13230, 5,     0.63, 3,   boost,   -3.71, 100247.00,   90.12,   38.80,   25.52,  8.0, 0.02, 0.00, 9.29
6, 13230, 5,     0.64, 3,   boost,   -3.91, 100245.00,   90.29,   38.97,   25.48,  8.0, 0.02, 0.00, 9.29
6, 13230, 5,     0.65, 3,   boost,   -4.11, 100242.00,   90.54,   39.22,   25.43,  8.0, 0.00, 0.01, 9.28
6, 13230, 5,     0.66, 3,   boost,   -4.31, 100236.00,   91.05,   39.73,   25.38,  8.0, 0.02, 0.00, 9.29
6, 13230, 5,     0.67, 3,   boost,   -4.50, 100231.00,   91.47,   40.15,   25.33,  8.0, 0.00, 0.01, 9.28
6, 13230, 5,     0.68, 3,   boost,   -4.68, 100231.00,   91.47,   40.15,   25.28,  8.0, 0.02, 0.00, 9.28
6, 13230, 5,     0.69, 3,   boost,   -4.86, 100228.00,   91.72,   40.40,   25.22,  8.0, 0.02, 0.00, 9.29
6, 13230, 5,     0.70, 3,   boost,   -5.04, 100228.00,   91.72,   40.40,   25.17,  7.9, 0.02, 0.00, 9.29
6, 13230, 5,     0.71, 3,   boost,   -5.21, 100220.00,   92.39,   41.07,   25.11,  7.9, 0.02, 0.00, 9.29
6, 13230, 5,     0.72, 3,   boost,   -5.38, 100214.00,   92.90,   41.58,   25.05,  7.9, 0.00, 0.01, 9.28
6, 13230, 5,     0.73, 3,   boost,   -5.54, 100214.00,   92.90,   41.58,   24.98,  7.9, 0.02, 0.00, 9.29
6, 13230, 5,     0.74, 3,   boost,   -5.70, 100209.00,   93.32,   42.00,   24.92,  7.9, 0.02, 0.00, 9.29
6, 13230, 5,     0.75, 3,   boost,   -5.85, 100208.00,   93.40,   42.08,   24.85,  8.0, 0.02, 0.00, 9.29
6, 13230, 5,     0.76, 3,   boost,   -6.00, 100199.00,   94.16,   42.84,   24.79,  8.0, 0.02, 0.00, 9.29
6, 13230, 5,     0.77, 3,   boost,   -6.14, 100204.00,   93.74,   42.42,   24.72,  8.0, 0.02, 0.00, 9.29
6, 13230, 5,     0.78, 3,   boost,   -6.28, 100198.00,   94.24,   42.92,   24.65,  8.0, 0.00, 0.01, 9.28
6, 13230, 5,     0.79, 3,   boost,   -6.41, 100198.00,   94.24,   42.92,   24.57,  8.0, 0.00, 0.01, 9.28
6, 13230, 5,     0.80, 3,   boost,   -6.54, 100194.00,   94.58,   43.26,   24.50,  8.0, 0.02, 0.00, 9.29
6, 13230, 5,     0.81, 3,   boost,   -6.66, 100189.00,   95.00,   43.68,   24.43,  7.9, 0.02, 0.00, 9.29
6, 13230, 5,     0.82, 3,   boost,   -6.78, 100181.00,   95.67,   44.35,   24.35,  7.9, 0.02, 0.00, 9.29
6, 13230, 5,     0.83, 3,   boost,   -6.89, 100181.00,   95.67,   44.35,   24.27,  7.9, 0.02, 0.00, 9.29
6, 13230, 5,     0.84, 3,   boost,   -7.00, 100179.00,   95.84,   44.52,   24.20,  7.9, 0.02, 0.00, 9.29
6, 13230, 5,     0.85, 3,   boost,   -7.10, 100176.00,   96.09,   44.77,   24.12,  7.9, 0.02, 0.00, 9.29
6, 13230, 5,     0.86, 3,   boost,   -7.20, 100172.00,   96.42,   45.10,   24.04,  7.9, 0.02, 0.00, 9.29
6, 13230, 5,     0.87, 3,   boost,   -7.29, 100168.00,   96.76,   45.44,   23.96,  8.0, 0.02, 0.00, 9.29
6, 13230, 5,     0.88, 3,   boost,   -7.38, 100164.00,   97.10,   45.78,   23.88,  8.0, 0.02, 0.00, 9.29
6, 13230, 5,     0.89, 3,   boost,   -7.46, 100155.00,   97.85,   46.53,   23.79,  8.0, 0.00, 0.01, 9.28
6, 13230, 5,     0.90, 3,   boost,   -7.54, 100155.00,   97.85,   46.53,   23.71,  8.0, 0.02, 0.00, 9.29
6, 13230, 5,     0.91, 3,   boost,   -7.62, 100157.00,   97.68,   46.36,   23.63,  8.0, 0.02, 0.00, 9.29
6, 13230, 5,     0.92, 3,   boost,   -7.69, 100155.00,   97.85,   46.53,   23.54,  7.9, 0.02, 0.00, 9.29
6, 13230, 5,     0.93, 3,   boost,   -7.76, 100153.00,   98.02,   46.70,   23.46,  7.9, 0.02, 0.00, 9.29
6, 13230, 5,     0.94, 3,   boost,   -7.82, 100151.00,   98.19,   46.87,   23.37,  7.9, 0.02, 0.00, 9.29
6, 13230, 5,     0.95, 3,   boost,   -7.88, 100148.00,   98.44,   47.12,   23.29,  7.9, 0.02, 0.00, 9.29
6, 13230, 5,     0.96, 3,   boost,   -7.93, 100138.00,   99.28,   47.96,   23.20,  7.9, 0.02, 0.00, 9.29
6, 13230, 5,     0.97, 3,   boost,   -7.98, 100143.00,   98.86,   47.54,   23.12,  8.0, 0.02, 0.00, 9.29
6, 13230, 5,     0.98, 3,   boost,   -8.03, 100130.00,   99.95,   48.63,   23.03,  8.0, 0.02, 0.00, 9.29
6, 13230, 5,     0.99, 3,   boost,   -8.07, 100131.00,   99.87,   48.55,   22.94,  8.0, 0.02, 0.00, 9.29
6, 13230, 5,     1.00, 3,   boost,   -8.11, 100134.00,   99.62,   48.30,   22.86,  8.0, 0.00, 0.01, 9.28
6, 13230, 5,     1.01, 3,   boost,   -8.14, 100134.00,   99.62,   48.30,   22.77,  8.0, 0.02, 0.00, 9.29
6, 13230, 5,     1.02, 3,   boost,   -8.17, 100124.00,  100.46,   49.14,   22.68,  8.0, 0.02, 0.00, 9.29
6, 13230, 5,     1.03, 3,   boost,   -8.21, 100124.00,  100.46,   49.14,   22.59,  7.9, 0.02, 0.00, 9.29
6, 13230, 5,     1.04, 3,   boost,   -8.25, 100121.00,  100.71,   49.39,   22.51,  7.9, 0.02, 0.00, 9.29
6, 13230, 5,     1.05, 3,   boost,   -8.29, 100119.00,  100.88,   49.56,   22.42,  7.9, 0.02, 0.00, 9.29
6, 13230, 5,     1.06, 3,   boost,   -8.33, 100113.00,  101.38,   50.06,   22.33,  7.9, 0.02, 0.00, 9.29
6, 13230, 5,     1.07, 3,   boost,   -8.37, 100108.00,  101.80,   50.48,   22.24,  7.9, 0.02, 0.00, 9.29
6, 13230, 5,     1.08, 3,   boost,   -8.42, 100106.00,  101.97,   50.65,   22.16,  7.9, 0.02, 0.00, 9.29
6, 13230, 5,     1.09, 3,   boost,   -8.48, 100105.00,  102.05,   50.73,   22.07,  8.0, 0.02, 0.00, 9.29
6, 13230, 5,     1.10, 3,   boost,   -8.53, 100104.00,  102.14,   50.82,   21.98,  8.0, 0.02, 0.00, 9.29
6, 13230, 5,     1.11, 3,   boost,   -8.60, 100095.00,  102.89,   51.57,   21.89,  8.0, 0.00, 0.01, 9.29
6, 13230, 5,     1.12, 3,   boost,   -8.67, 100095.00,  102.89,   51.57,   21.81,  8.0, 0.02, 0.00, 9.28
6, 13230, 5,     1.13, 3,   boost,   -8.74, 100092.00,  103.15,   51.83,   21.72,  8.0, 0.02, 0.00, 9.29
6, 13230, 5,     1.14, 3,   boost,   -8.82, 100085.00,  103.74,   52.42,   21.63,  7.9, 0.02, 0.00, 9.29
6, 13230, 5,     1.15, 3,   boost,   -8.90, 100085.00,  103.74,   52.42,   21.55,  7.9, 0.02, 0.00, 9.29
6, 13230, 5,     1.16, 3,   boost,   -8.99, 100087.00,  103.57,   52.25,   21.46,  7.9, 0.00, 0.01, 9.28
6, 13230, 5,     1.17, 3,   boost,   -9.09, 100081.00,  104.07,   52.75,   21.38,  7.9, 0.02, 0.00, 9.29
6, 13230, 5,     1.18, 3,   boost,   -9.19, 100078.00,  104.32,   53.00,   21.29,  7.9, 0.02, 0.00, 9.29
6, 13230, 5,     1.19, 3,   boost,   -9.31, 100078.00,  104.32,   53.00,   21.21,  7.9, 0.02, 0.00, 9.29
6, 13230, 5,     1.20, 3,   boost,   -9.43, 100071.00,  104.91,   53.59,   21.12,  8.0, 0.02, 0.00, 9.29
6, 13230, 5,     1.21, 3,   boost,   -9.56, 100073.00,  104.74,   53.42,   21.04,  8.0, 0.02, 0.00, 9.29
6, 13230, 5,     1.22, 3,   boost,   -9.70, 100068.00,  105.16,   53.84,   20.95,  8.0, 0.02, 0.00, 9.29
6, 13230, 5,     1.23, 3,   boost,   -9.84, 100068.00,  105.16,   53.84,   20.87,  8.0, 0.02, 0.00, 9.28
6, 13230, 5,     1.24, 3,   boost,  -10.00, 100063.00,  105.59,   54.27,   20.79,  7.9, 0.02, 0.00, 9.29
6, 13230, 5,     1.25, 3,   boost,  -10.16, 100058.00,  106.01,   54.69,   20.70,  7.9, 0.02, 0.00, 9.29
6, 13230, 5,     1.26, 3,   boost,  -10.33, 100051.00,  106.59,   55.27,   20.62,  7.9, 0.02, 0.00, 9.29
6, 13230, 5,     1.27, 3,   boost,  -10.52, 100057.00,  106.09,   54.77,   20.54,  7.9, 0.02, 0.00, 9.29
6, 13230, 5,     1.28, 3,   boost,  -10.71, 100053.00,  106.43,   55.11,   20.46,  7.9, 0.02, 0.00, 9.29
6, 13230, 5,     1.29, 3,   boost,  -10.90, 100050.00,  106.68,   55.36,   20.37,  7.9, 0.02, 0.00, 9.29
6, 13230, 5,     1.30, 3,   boost,  -11.11, 100045.00,  107.10,   55.78,   20.29,  7.9, 0.02, 0.00, 9.29
6, 13230, 5,     1.31, 3,   boost,  -11.33, 100052.00,  106.51,   55.19,   20.21,  8.0, 0.02, 0.00, 9.29
6, 13230, 5,     1.32, 3,   boost,  -11.55, 100048.00,  106.85,   55.53,   20.13,  8.0, 0.02, 0.00, 9.29
6, 13230, 5,     1.33, 3,   boost,  -11.78, 100042.00,  107.35,   56.03,   20.05,  8.0, 0.02, 0.00, 9.29
6, 13230, 5,     1.34, 3,   boost,  -12.01, 100042.00,  107.35,   56.03,   19.97,  8.0, 0.02, 0.00, 9.28
6, 13230, 5,     1.35, 3,   boost,  -12.26, 100043.00,  107.27,   55.95,   19.89,  7.9, 0.02, 0.00, 9.29
6, 13230, 5,     1.36, 3,   boost,  -12.50, 100034.00,  108.02,   56.70,   19.81,  7.9, 0.02, 0.00, 9.29
6, 13230, 5,     1.37, 3,   boost,  -12.76, 100029.00,  108.44,   57.12,   19.74,  7.9, 0.02, 0.00, 9.29
6, 13230, 5,     1.38, 3,   boost,  -13.02, 100029.00,  108.44,   57.12,   19.66,  7.9, 0.02, 0.00, 9.29
6, 13230, 5,     1.39, 3,   boost,  -13.28, 100027.00,  108.61,   57.29,   19.58,  7.9, 0.02, 0.00, 9.29
6, 13230, 5,     1.40, 3,   boost,  -13.54, 100023.00,  108.95,   57.63,   19.50,  7.9, 0.02, 0.00, 9.29
6, 13230, 5,     1.41, 3,   boost,  -13.81, 100022.00,  109.03,   57.71,   19.42,  7.9, 0.02, 0.00, 9.29
6, 13230, 5,     1.42, 3,   boost,  -14.08, 100019.00,  109.29,   57.97,   19.34,  7.9, 0.02, 0.00, 9.29
6, 13230, 5,     1.43, 3,   boost,  -14.35, 100017.00,  109.45,   58.13,   19.26,  7.9, 0.02, 0.00, 9.29
6, 13230, 5,     1.44, 3,   boost,  -14.63, 100015.00,  109.62,   58.30,   19.18,  8.0, 0.02, 0.00, 9.29
6, 13230, 5,     1.45, 3,   boost,  -14.90, 100015.00,  109.62,   58.30,   19.10,  8.0, 0.02, 0.00, 9.29
6, 13230, 5,     1.46, 3,   boost,  -15.17, 100013.00,  109.79,   58.47,   19.03,  7.9, 0.02, 0.00, 9.29
6, 13230, 5,     1.47, 3,   boost,  -15.44, 100006.00,  110.38,   59.06,   18.95,  7.9, 0.02, 0.00, 9.29
6, 13230, 5,     1.48, 3,   boost,  -15.71, 100008.00,  110.21,   58.89,   18.87,  7.9, 0.02, 0.00, 9.29
6, 13230, 5,     1.49, 3,   boost,  -15.98, 100008.00,  110.21,   58.89,   18.79,  7.9, 0.02, 0.00, 9.29
6, 13230, 5,     1.50, 3,   boost,  -16.24, 100000.00,  110.88,   59.56,   18.72,  7.9, 0.02, 0.00, 9.29
6, 13230, 5,     1.51, 3,   boost,  -16.50, 100003.00,  110.63,   59.31,   18.64,  7.9, 0.02, 0.00, 9.29
6, 13230, 5,     1.52, 3,   boost,  -16.75,  99997.00,  111.14,   59.82,   18.56,  7.9, 0.02, 0.00, 9.29
6, 13230, 5,     1.53, 3,   boost,  -17.00,  99998.00,  111.05,   59.73,   17.60,  7.9, 0.02, 0.00, 9.29
6, 13230, 5,     1.54, 3,   boost,  -17.24,  99993.00,  111.47,   60.15,   17.31,  8.0, 0.02, 0.00, 9.29
6, 13230, 5,     1.55, 3,   boost,  -17.48,  99989.00,  111.81,   60.49,   17.02,  8.0, 0.02, 0.00, 9.29
6, 13230, 5,     1.56, 3,   boost,  -17.71,  99989.00,  111.81,   60.49,   16.72,  8.0, 0.02, 0.00, 9.29
6, 13230, 5,     1.57, 3,   boost,  -17.93,  99988.00,  111.89,   60.57,   16.40,  7.9, 0.02, 0.00, 9.29
6, 13230, 5,     1.58, 3,   boost,  -18.15,  99984.00,  112.23,   60.91,   16.08,  7.9, 0.02, 0.00, 9.29
6, 13230, 5,     1.59, 3,   boost,  -18.35,  99985.00,  112.15,   60.83,   15.74,  7.9, 0.02, 0.00, 9.29
6, 13230, 5,     1.60, 3,   boost,  -18.55,  99980.00,  112.57,   61.25,   15.39,  7.9, 0.02, 0.00, 9.29
6, 13230, 5,     1.61, 3,   boost,  -18.75,  99978.00,  112.74,   61.42,   15.02,  7.9, 0.02, 0.00, 9.29
6, 13230, 5,     1.62, 3,   boost,  -18.93,  99979.00,  112.65,   61.33,   14.65,  7.9, 0.02, 0.00, 9.29
6, 13230, 5,     1.63, 3,   boost,  -19.10,  99971.00,  113.32,   62.00,   15.15,  7.9, 0.02, 0.00, 9.29
6, 13230, 5,     1.64, 3,   boost,  -19.27,  99968.00,  113.58,   62.26,   14.95,  7.9, 0.02, 0.00, 9.29
6, 13230, 5,     1.65, 3,   boost,  -19.43,  99964.00,  113.91,   62.59,   14.75,  7.9, 0.02, 0.00, 9.29
6, 13230, 5,     1.66, 3,   boost,  -19.58,  99966.00,  113.75,   62.43,   14.54,  8.0, 0.02, 0.00, 9.29
6, 13230, 5,     1.67, 3,   boost,  -19.72,  99966.00,  113.75,   62.43,   14.33,  8.0, 0.02, 0.00, 9.29
6, 13230, 5,     1.68, 3,   boost,  -19.85,  99960.00,  114.25,   62.93,   14.11,  7.9, 0.02, 0.00, 9.29
6, 13230, 5,     1.69, 3,   boost,  -19.98,  99958.00,  114.42,   63.10,   13.89,  7.9, 0.02, 0.00, 9.29
6, 13230, 5,     1.70, 3,   boost,  -20.09,  99954.00,  114.76,   63.44,   13.67,  7.9, 0.02, 0.00, 9.29
6, 13230, 5,     1.71, 3,   boost,  -20.20,  99955.00,  114.67,   63.35,   13.45,  7.9, 0.02, 0.00, 9.29
6, 13230, 5,     1.72, 3,   boost,  -20.30,  99946.00,  115.43,   64.11,   13.22,  7.9, 0.02, 0.00, 9.29
6, 13230, 5,     1.73, 3,   boost,  -20.40,  99948.00,  115.26,   63.94,   13.16,  7.9, 0.02, 0.00, 9.29
6, 13230, 5,     1.74, 3,   boost,  -20.48,  99949.00,  115.18,   63.86,   12.97,  7.9, 0.02, 0.00, 9.29
6, 13230, 5,     1.75, 3,   boost,  -20.56,  99945.00,  115.51,   64.19,   12.77,  7.9, 0.02, 0.00, 9.29
6, 13230, 5,     1.76, 3,   boost,  -20.63,  99945.00,  115.51,   64.19,   12.57,  7.9, 0.02, 0.00, 9.29
6, 13230, 5,     1.77, 3,   boost,  -20.70,  99940.00,  115.93,   64.61,   12.37,  7.9, 0.02, 0.00, 9.29
6, 13230, 5,     1.78, 3,   boost,  -20.76,  99940.00,  115.93,   64.61,   12.17,  7.9, 0.02, 0.00, 9.29
6, 13230, 5,     1.79, 3,   boost,  -20.82,  99937.00,  116.19,   64.87,   11.97,  7.9, 0.02, 0.00, 9.29
6, 13230, 5,     1.80, 3,   boost,  -20.87,  99934.00,  116.44,   65.12,   11.77,  7.9, 0.02, 0.00, 9.29
6, 13230, 5,     1.81, 3,   boost,  -20.91,  99931.00,  116.69,   65.37,   11.56,  7.9, 0.02, 0.00, 9.29
6, 13230, 5,     1.82, 3,   boost,  -20.95,  99926.00,  117.11,   65.79,   11.36,  7.9, 0.02, 0.00, 9.29
6, 13230, 5,     1.83, 3,   boost,  -20.99,  99928.00,  116.94,   65.62,   11.14,  7.9, 0.02, 0.00, 9.29
6, 13230, 5,     1.84, 3,   boost,  -21.02,  99927.00,  117.03,   65.71,   10.93,  7.9, 0.02, 0.00, 9.29
6, 13230, 5,     1.85, 3,   boost,  -21.04,  99921.00,  117.53,   66.21,   10.72,  7.9, 0.02, 0.00, 9.29
6, 13230, 5,     1.86, 3,   boost,  -21.07,  99927.00,  117.03,   65.71,   10.51,  7.9, 0.02, 0.00, 9.29
6, 13230, 5,     1.87, 3,   boost,  -21.09,  99924.00,  117.28,   65.96,   10.30,  7.9, 0.02, 0.00, 9.29
6, 13230, 5,     1.88, 3,   boost,  -21.11,  99923.00,  117.36,   66.04,   10.09,  8.0, 0.02, 0.00, 9.29
6, 13230, 5,     1.89, 3,   boost,  -21.12,  99923.00,  117.36,   66.04,    9.88,  8.0, 0.02, 0.00, 9.29
6, 13230, 5,     1.90, 3,   boost,  -21.13,  99919.00,  117.70,   66.38,    9.66,  7.9, 0.02, 0.00, 9.29
6, 13230, 5,     1.91, 3,   boost,  -21.14,  99916.00,  117.95,   66.63,    9.45,  7.9, 0.02, 0.00, 9.29
6, 13230, 5,     1.92, 3,   boost,  -21.14,  99916.00,  117.95,   66.63,    9.24,  7.9, 0.02, 0.00, 9.29
6, 13230, 5,     1.93, 3,   boost,  -21.15,  99912.00,  118.29,   66.97,    9.02,  7.9, 0.02, 0.00, 9.29
6, 13230, 5,     1.94, 3,   boost,  -21.15,  99909.00,  118.54,   67.22,    8.81,  7.9, 0.02, 0.00, 9.29
6, 13230, 5,     1.95, 3,   boost,  -21.14,  99909.00,  118.54,   67.22,    8.60,  7.9, 0.02, 0.00, 9.29
6, 13230, 5,     1.96, 3,   boost,  -21.14,  99906.00,  118.80,   67.48,    8.38,  7.9, 0.02, 0.00, 9.29
6, 13230, 5,     1.97, 3,   boost,  -21.13,  99906.00,  118.80,   67.48,    8.17,  7.9, 0.02, 0.00, 9.29
6, 13230, 5,     1.98, 3,   boost,  -21.12,  99906.00,  118.80,   67.48,    7.95,  7.9, 0.02, 0.00, 9.29
6, 13230, 5,     1.99, 3,   boost,  -21.10,  99905.00,  118.88,   67.56,    7.73,  7.9, 0.02, 0.00, 9.29
6, 13230, 5,     2.00, 3,   boost,  -21.08,  99905.00,  118.88,   67.56,    7.52,  7.9, 0.02, 0.00, 9.29
6, 13230, 5,     2.01, 3,   boost,  -21.06,  99904.00,  118.96,   67.64,    7.30,  7.9, 0.02, 0.00, 9.29
6, 13230, 5,     2.02, 3,   boost,  -21.04,  99896.00,  119.64,   68.32,    7.09,  7.9, 0.02, 0.00, 9.29
6, 13230, 5,     2.03, 3,   boost,  -21.02,  99897.00,  119.55,   68.23,    6.84,  7.9, 0.02, 0.00, 9.29
6, 13230, 5,     2.04, 3,   boost,  -20.99,  99890.00,  120.14,   68.82,    6.62,  7.9, 0.02, 0.00, 9.29
6, 13230, 5,     2.05, 3,   boost,  -20.97,  99895.00,  119.72,   68.40,    6.40,  7.9, 0.02, 0.00, 9.29
6, 13230, 5,     2.06, 3,   boost,  -20.94,  99893.00,  119.89,   68.57,    6.18,  7.9, 0.02, 0.00, 9.29
6, 13230, 5,     2.07, 3,   boost,  -20.90,  99891.00,  120.06,   68.74,    5.95,  7.9, 0.02, 0.00, 9.29
6, 13230, 5,     2.08, 3,   boost,  -20.86,  99890.00,  120.14,   68.82,    5.73,  7.9, 0.02, 0.00, 9.29
6, 13230, 5,     2.09, 3,   boost,  -20.81,  99887.00,  120.40,   69.08,    5.51,  7.9, 0.02, 0.00, 9.29
6, 13230, 5,     2.10, 3,   boost,  -20.76,  99882.00,  120.82,   69.50,    5.29,  7.9, 0.02, 0.00, 9.29
6, 13230, 5,     2.11, 3,   boost,  -20.71,  99882.00,  120.82,   69.50,    5.07,  7.9, 0.02, 0.00, 9.29
6, 13230, 5,     2.12, 3,   boost,  -20.65,  99882.00,  120.82,   69.50,    4.85,  7.9, 0.02, 0.00, 9.29
6, 13230, 5,     2.13, 3,   boost,  -20.57,  99884.00,  120.65,   69.33,    4.62,  7.9, 0.02, 0.00, 9.29
6, 13230, 5,     2.14, 3,   boost,  -20.49,  99882.00,  120.82,   69.50,    4.40,  7.9, 0.02, 0.00, 9.29
6, 13230, 5,     2.15, 3,   boost,  -20.40,  99881.00,  120.90,   69.58,    4.19,  7.9, 0.02, 0.00, 9.29
6, 13230, 5,     2.16, 3,   boost,  -20.31,  99878.00,  121.15,   69.83,    3.97,  7.9, 0.02, 0.00, 9.29
6, 13230, 5,     2.17, 3,   boost,  -20.21,  99873.00,  121.58,   70.25,    3.76,  7.9, 0.02, 0.00, 9.29
6, 13230, 5,     2.18, 3,   boost,  -20.10,  99870.00,  121.83,   70.51,    3.54,  7.9, 0.02, 0.00, 9.29
6, 13230, 5,     2.19, 3,   boost,  -19.99,  99878.00,  121.15,   69.83,    3.33,  7.9, 0.02, 0.00, 9.29
6, 13230, 5,     2.20, 3,   boost,  -19.87,  99871.00,  121.74,   70.42,    3.12,  7.9, 0.02, 0.00, 9.29
6, 13230, 5,     2.21, 5,   coast,  -19.74,  99873.00,  121.58,   70.25,    2.91,  7.9, 0.00, 0.01, 9.28
6, 13230, 5,     2.21, 5,   coast,  -19.74,  99873.00,  121.58,   70.25,    2.91,  7.9, 0.00, 0.01, 9.28
6, 13230, 5,     2.22, 5,   coast,  -19.61,  99873.00,  121.58,   70.25,    2.70,  7.9, 0.02, 0.00, 9.28
6, 13230, 5,     2.23, 5,   coast,  -19.47,  99873.00,  121.58,   70.25,    2.49,  7.9, 0.02, 0.00, 9.29
6, 13230, 5,     2.24, 5,   coast,  -19.32,  99862.00,  122.50,   71.18,    2.28,  7.9, 0.02, 0.00, 9.29
6, 13230, 5,     2.25, 5,   coast,  -19.16,  99868.00,  122.00,   70.68,    2.08,  7.9, 0.02, 0.00, 9.29
6, 13230, 5,     2.26, 5,   coast,  -19.00,  99867.00,  122.08,   70.76,    1.88,  7.9, 0.02, 0.00, 9.29
6, 13230, 5,     2.27, 5,   coast,  -18.84,  99857.00,  122.92,   71.60,    1.68,  7.9, 0.02, 0.00, 9.29
6, 13230, 5,     2.28, 5,   coast,  -18.66,  99862.00,  122.50,   71.18,    1.48,  7.9, 0.02, 0.00, 9.29
6, 13230, 5,     2.29, 5,   coast,  -18.48,  99859.00,  122.75,   71.43,    1.29,  7.9, 0.02, 0.00, 9.29
6, 13230, 5,     2.30, 5,   coast,  -18.29,  99857.00,  122.92,   71.60,    1.10,  7.9, 0.02, 0.00, 9.29
6, 13230, 5,     2.31, 5,   coast,  -18.10,  99854.00,  123.18,   71.86,    0.91,  7.9, 0.02, 0.00, 9.29
6, 13230, 5,     2.32, 5,   coast,  -17.90,  99851.00,  123.43,   72.11,    0.72,  7.9, 0.00, 0.01, 9.28
6, 13230, 5,     2.33, 5,   coast,  -17.69,  99851.00,  123.43,   72.11,    0.51,  7.9, 0.02, 0.00, 9.28
6, 13230, 5,     2.34, 5,   coast,  -17.48,  99858.00,  122.84,   71.52,    0.32,  7.9, 0.02, 0.00, 9.29
6, 13230, 5,     2.35, 5,   coast,  -17.26,  99849.00,  123.60,   72.28,    0.14,  7.9, 0.00, 0.01, 9.28
6, 13230, 5,     2.36, 5,   coast,  -17.04,  99851.00,  123.43,   72.11,   -0.04,  7.9, 0.02, 0.00, 9.29
6, 13230, 5,     2.37, 5,   coast,  -16.81,  99846.00,  123.85,   72.53,   -0.22,  7.9, 0.02, 0.00, 9.29
6, 13230, 5,     2.38, 5,   coast,  -16.57,  99846.00,  123.85,   72.53,   -0.40,  7.9, 0.02, 0.00, 9.29
6, 13230, 5,     2.39, 5,   coast,  -16.33,  99845.00,  123.93,   72.61,   -0.58,  7.9, 0.02, 0.00, 9.29
6, 13230, 5,     2.40, 5,   coast,  -16.08,  99836.00,  124.69,   73.37,   -0.75,  7.9, 0.02, 0.00, 9.29
6, 13230, 5,     2.41, 5,   coast,  -15.83,  99839.00,  124.44,   73.12,   -0.92,  7.9, 0.02, 0.00, 9.29
6, 13230, 5,     2.42, 5,   coast,  -15.57,  99838.00,  124.52,   73.20,   -1.08,  7.9, 0.00, 0.01, 9.31
6, 13230, 5,     2.43, 5,   coast,  -15.31,  99838.00,  124.52,   73.20,   -1.25,  7.9, 0.00, 0.01, 9.28
6, 13230, 5,     2.44, 5,   coast,  -15.04,  99838.00,  124.52,   73.20,   -1.41,  7.9, 0.02, 0.00, 9.28
6, 13230, 5,     2.45, 5,   coast,  -14.77,  99843.00,  124.10,   72.78,   -1.57,  7.9, 0.02, 0.00, 9.29
6, 13230, 5,     2.46, 5,   coast,  -14.49,  99838.00,  124.52,   73.20,   -1.73,  7.9, 0.02, 0.00, 9.29
6, 13230, 5,     2.47, 5,   coast,  -14.21,  99829.00,  125.28,   73.96,   -1.88,  7.9, 0.02, 0.00, 9.29
6, 13230, 5,     2.48, 5,   coast,  -13.92,  99832.00,  125.03,   73.71,   -2.02,  7.9, 0.02, 0.00, 9.29
6, 13230, 5,     2.49, 5,   coast,  -13.63,  99825.00,  125.62,   74.30,   -2.17,  7.9, 0.00, 0.01, 9.28
6, 13230, 5,     2.50, 5,   coast,  -13.33,  99834.00,  124.86,   73.54,   -2.31,  7.9, 0.02, 0.00, 9.29
6, 13230, 5,     2.51, 5,   coast,  -13.03,  99827.00,  125.45,   74.13,   -2.45,  7.9, 0.02, 0.00, 9.29
6, 13230, 5,     2.52, 5,   coast,  -12.72,  99829.00,  125.28,   73.96,   -2.58,  7.9, 0.02, 0.00, 9.29
6, 13230, 5,     2.53, 5,   coast,  -12.41,  99826.00,  125.53,   74.21,   -2.73,  7.9, 0.02, 0.00, 9.29
6, 13230, 5,     2.54, 5,   coast,  -12.10,  99828.00,  125.37,   74.05,   -2.86,  7.9, 0.00, 0.01, 9.28
6, 13230, 5,     2.55, 5,   coast,  -11.78,  99828.00,  125.37,   74.05,   -2.99,  7.9, 0.02, 0.00, 9.28
6, 13230, 5,     2.56, 5,   coast,  -11.46,  99828.00,  125.37,   74.05,   -3.11,  7.9, 0.00, 0.01, 9.28
6, 13230, 5,     2.57, 5,   coast,  -11.13,  99824.00,  125.70,   74.38,   -3.24,  7.9, 0.02, 0.00, 9.29
6, 13230, 5,     2.58, 5,   coast,  -10.81,  99821.00,  125.96,   74.64,   -3.35,  7.9, 0.02, 0.00, 9.29
6, 13230, 5,     2.59, 5,   coast,  -10.47,  99820.00,  126.04,   74.72,   -3.47,  7.9, 0.02, 0.00, 9.29
6, 13230, 5,     2.60, 5,   coast,  -10.14,  99821.00,  125.96,   74.64,   -3.58,  7.9, 0.02, 0.00, 9.29
6, 13230, 5,     2.61, 5,   coast,   -9.80,  99818.00,  126.21,   74.89,   -3.68,  7.9, 0.02, 0.00, 9.29
6, 13230, 5,     2.62, 5,   coast,   -9.46,  99822.00,  125.87,   74.55,   -3.78,  7.9, 0.02, 0.00, 9.29
6, 13230, 5,     2.63, 5,   coast,   -9.12,  99821.00,  125.96,   74.64,   -3.89,  7.9, 0.02, 0.00, 9.29
6, 13230, 5,     2.64, 5,   coast,   -8.77,  99818.00,  126.21,   74.89,   -3.98,  7.9, 0.02, 0.00, 9.29
6, 13230, 5,     2.65, 5,   coast,   -8.42,  99815.00,  126.46,   75.14,   -4.07,  7.9, 0.00, 0.01, 9.28
6, 13230, 5,     2.66, 5,   coast,   -8.07,  99815.00,  126.46,   75.14,   -4.16,  7.9, 0.02, 0.00, 9.28
6, 13230, 5,     2.67, 5,   coast,   -7.71,  99818.00,  126.21,   74.89,   -4.24,  7.9, 0.02, 0.00, 9.28
6, 13230, 5,     2.68, 5,   coast,   -7.36,  99812.00,  126.71,   75.39,   -4.32,  7.9, 0.02, 0.00, 9.29
6, 13230, 5,     2.69, 5,   coast,   -7.00,  99809.00,  126.97,   75.65,   -4.40,  7.9, 0.02, 0.00, 9.29
6, 13230, 5,     2.70, 5,   coast,   -6.64,  99808.00,  127.05,   75.73,   -4.47,  7.9, 0.02, 0.00, 9.29
6, 13230, 5,     2.71, 5,   coast,   -6.28,  99809.00,  126.97,   75.65,   -4.54,  7.9, 0.02, 0.00, 9.28
6, 13230, 5,     2.72, 5,   coast,   -5.91,  99805.00,  127.30,   75.98,   -4.60,  7.9, 0.02, 0.00, 9.29
6, 13230, 5,     2.73, 5,   coast,   -5.55,  99805.00,  127.30,   75.98,   -4.67,  7.9, 0.02, 0.00, 9.29
6, 13230, 5,     2.74, 5,   coast,   -5.18,  99811.00,  126.80,   75.48,   -4.73,  7.9, 0.02, 0.00, 9.29
6, 13230, 5,     2.75, 5,   coast,   -4.81,  99804.00,  127.39,   76.07,   -4.78,  7.9, 0.02, 0.00, 9.29
6, 13230, 5,     2.76, 5,   coast,   -4.45,  99807.00,  127.14,   75.81,   -4.83,  7.9, 0.00, 0.01, 9.28
6, 13230, 5,     2.77, 5,   coast,   -4.08,  99807.00,  127.14,   75.81,   -4.88,  7.9, 0.00, 0.01, 9.28
6, 13230, 5,     2.78, 5,   coast,   -3.71,  99809.00,  126.97,   75.65,   -4.92,  7.9, 0.02, 0.00, 9.29
6, 13230, 5,     2.79, 5,   coast,   -3.34,  99804.00,  127.39,   76.07,   -4.95,  7.9, 0.02, 0.00, 9.29
6, 13230, 5,     2.80, 5,   coast,   -2.96,  99799.00,  127.81,   76.49,   -4.99,  7.9, 0.02, 0.00, 9.29
6, 13230, 5,     2.81, 5,   coast,   -2.59,  99805.00,  127.30,   75.98,   -5.01,  7.9, 0.02, 0.00, 9.29
6, 13230, 5,     2.82, 5,   coast,   -2.22,  99805.00,  127.30,   75.98,   -5.04,  7.9, 0.02, 0.00, 9.29
6, 13230, 5,     2.83, 5,   coast,   -1.85,  99798.00,  127.89,   76.57,   -5.07,  7.9, 0.02, 0.00, 9.29
6, 13230, 5,     2.84, 5,   coast,   -1.48,  99803.00,  127.47,   76.15,   -5.09,  7.9, 0.00, 0.01, 9.31
6, 13230, 5,     2.85, 5,   coast,   -1.11,  99798.00,  127.89,   76.57,   -5.11,  7.9, 0.02, 0.00, 9.29
6, 13230, 5,     2.86, 5,   coast,   -0.74,  99796.00,  128.06,   76.74,   -5.12,  7.9, 0.02, 0.00, 9.29
6, 13230, 5,     2.87, 5,   coast,   -0.37,  99799.00,  127.81,   76.49,   -5.13,  7.9, 0.00, 0.01, 9.28
6, 13230, 5,     2.88, 5,   coast,    0.00,  99799.00,  127.81,   76.49,   -5.13,  7.9, 0.02, 0.00, 9.29
6, 13230, 5,     2.89, 5,   coast,    0.37,  99796.00,  128.06,   76.74,   -5.13,  7.9, 0.02, 0.00, 9.29
6, 13230, 5,     2.90, 5,   coast,    0.74,  99793.00,  128.31,   76.99,   -5.12,  7.9, 0.02, 0.00, 9.29
6, 13230, 5,     2.91, 5,   coast,    1.10,  99795.00,  128.15,   76.83,   -5.11,  7.9, 0.00, 0.01, 9.28
6, 13230, 5,     2.92, 5,   coast,    1.46,  99794.00,  128.23,   76.91,   -5.10,  7.9, 0.02, 0.00, 9.29
6, 13230, 5,     2.93, 5,   coast,    1.83,  99793.00,  128.31,   76.99,   -5.08,  7.9, 0.02, 0.00, 9.29
6, 13230, 5,     2.94, 5,   coast,    2.21,  99794.00,  128.23,   76.91,   -5.06,  7.9, 0.02, 0.00, 9.29
6, 13230, 5,     2.95, 5,   coast,    2.58,  99793.00,  128.31,   76.99,   -5.03,  7.9, 0.02, 0.00, 9.29
6, 13230, 5,     2.96, 5,   coast,    2.96,  99790.00,  128.57,   77.25,   -5.00,  7.9, 0.02, 0.00, 9.29
6, 13230, 5,     2.97, 5,   coast,    3.34,  99793.00,  128.31,   76.99,   -4.97,  7.9, 0.02, 0.00, 9.29
6, 13230, 5,     2.98, 5,   coast,    3.72,  99789.00,  128.65,   77.33,   -4.93,  7.9, 0.00, 0.01, 9.28
6, 13230, 5,     2.99, 5,   coast,    4.10,  99789.00,  128.65,   77.33,   -4.89,  7.9, 0.02, 0.00, 9.28
6, 13230, 5,     3.00, 5,   coast,    4.49,  99788.00,  128.74,   77.42,   -4.84,  7.9, 0.02, 0.00, 9.29
6, 13230, 5,     3.01, 5,   coast,    4.88,  99788.00,  128.74,   77.42,   -4.79,  7.9, 0.02, 0.00, 9.29
6, 13230, 5,     3.02, 5,   coast,    5.26,  99789.00,  128.65,   77.33,   -4.74,  7.9, 0.02, 0.00, 9.29
6, 13230, 5,     3.03, 5,   coast,    5.46,  99784.00,  129.07,   77.75,   -4.70,  7.9, 0.02, 0.00, 9.29
6, 13230, 5,     3.04, 5,   coast,    5.81,  99785.00,  128.99,   77.67,   -4.64,  7.9, 0.02, 0.00, 9.29
6, 13230, 5,     3.05, 5,   coast,    6.17,  99783.00,  129.16,   77.84,   -4.57,  7.9, 0.02, 0.00, 9.29
6, 13230, 5,     3.06, 5,   coast,    6.53,  99790.00,  128.57,   77.25,   -4.51,  7.9, 0.02, 0.00, 9.29
6, 13230, 5,     3.07, 5,   coast,    6.89,  99783.00,  129.16,   77.84,   -4.44,  7.9, 0.02, 0.00, 9.29
6, 13230, 5,     3.08, 5,   coast,    7.26,  99783.00,  129.16,   77.84,   -4.36,  7.9, 0.02, 0.00, 9.29
6, 13230, 5,     3.09, 5,   coast,    7.63,  99785.00,  128.99,   77.67,   -4.29,  7.9, 0.00, 0.01, 9.28
6, 13230, 5,     3.10, 5,   coast,    7.99,  99785.00,  128.99,   77.67,   -4.21,  7.9, 0.02, 0.00, 9.29
6, 13230, 5,     3.11, 5,   coast,    8.36,  99787.00,  128.82,   77.50,   -4.12,  7.9, 0.02, 0.00, 9.29
6, 13230, 5,     3.12, 5,   coast,    8.73,  99782.00,  129.24,   77.92,   -4.03,  7.9, 0.02, 0.00, 9.29
6, 13230, 5,     3.13, 5,   coast,    8.85,  99783.00,  129.16,   77.84,   -3.95,  7.9, 0.02, 0.00, 9.29
6, 13230, 5,     3.14, 5,   coast,    9.17,  99785.00,  128.99,   77.67,   -3.86,  7.9, 0.02, 0.00, 9.29
6, 13230, 5,     3.15, 5,   coast,    9.50,  99782.00,  129.24,   77.92,   -3.76,  7.9, 0.02, 0.00, 9.29
6, 13230, 5,     3.16, 5,   coast,    9.83,  99781.00,  129.33,   78.01,   -3.66,  7.9, 0.02, 0.00, 9.29
6, 13230, 5,     3.17, 5,   coast,   10.16,  99785.00,  128.99,   77.67,   -3.56,  7.9, 0.02, 0.00, 9.29
6, 13230, 5,     3.18, 5,   coast,   10.49,  99782.00,  129.24,   77.92,   -3.45,  7.9, 0.02, 0.00, 9.29
6, 13230, 5,     3.19, 5,   coast,   10.83,  99783.00,  129.16,   77.84,   -3.34,  7.9, 0.02, 0.00, 9.29
6, 13230, 5,     3.20, 5,   coast,   11.16,  99781.00,  129.33,   78.01,   -3.23,  7.9, 0.00, 0.01, 9.29
6, 13230, 5,     3.21, 5,   coast,   11.49,  99781.00,  129.33,   78.01,   -3.11,  7.9, 0.02, 0.00, 9.28
6, 13230, 5,     3.22, 5,   coast,   11.82,  99775.00,  129.83,   78.51,   -2.99,  7.9, 0.02, 0.00, 9.29
6, 13230, 5,     3.23, 5,   coast,   11.87,  99781.00,  129.33,   78.01,   -2.88,  7.9, 0.02, 0.00, 9.29
6, 13230, 5,     3.24, 5,   coast,   12.15,  99779.00,  129.49,   78.17,   -2.76,  7.9, 0.02, 0.00, 9.29
6, 13230, 5,     3.25, 5,   coast,   12.43,  99777.00,  129.66,   78.34,   -2.64,  7.9, 0.02, 0.00, 9.29
6, 13230, 5,     3.26, 5,   coast,   12.71,  99779.00,  129.49,   78.17,   -2.51,  7.9, 0.02, 0.00, 9.29
6, 13230, 5,     3.27, 5,   coast,   12.99,  99779.00,  129.49,   78.17,   -2.38,  7.9, 0.02, 0.00, 9.29
6, 13230, 5,     3.28, 5,   coast,   13.27,  99778.00,  129.58,   78.26,   -2.25,  7.9, 0.02, 0.00, 9.29
6, 13230, 5,     3.29, 5,   coast,   13.55,  99773.00,  130.00,   78.68,   -2.11,  7.9, 0.02, 0.00, 9.29
6, 13230, 5,     3.30, 5,   coast,   13.83,  99780.00,  129.41,   78.09,   -1.97,  7.9, 0.02, 0.00, 9.29
6, 13230, 5,     3.31, 5,   coast,   14.10,  99776.00,  129.75,   78.43,   -1.83,  7.9, 0.00, 0.01, 9.28
6, 13230, 5,     3.32, 5,   coast,   14.37,  99776.00,  129.75,   78.43,   -1.69,  7.9, 0.02, 0.00, 9.29
6, 13230, 5,     3.33, 5,   coast,   14.33,  99772.00,  130.08,   78.76,   -1.56,  7.9, 0.02, 0.00, 9.29
6, 13230, 5,     3.34, 5,   coast,   14.54,  99774.00,  129.92,   78.60,   -1.42,  7.9, 0.02, 0.00, 9.29
6, 13230, 5,     3.35, 5,   coast,   14.74,  99775.00,  129.83,   78.51,   -1.27,  7.9, 0.00, 0.01, 9.28
6, 13230, 5,     3.36, 5,   coast,   14.95,  99776.00,  129.75,   78.43,   -1.13,  7.9, 0.02, 0.00, 9.29
6, 13230, 5,     3.37, 5,   coast,   15.15,  99780.00,  129.41,   78.09,   -0.98,  7.9, 0.02, 0.00, 9.29
6, 13230, 5,     3.38, 5,   coast,   15.35,  99774.00,  129.92,   78.60,   -0.83,  7.9, 0.02, 0.00, 9.27
6, 13230, 5,     3.39, 5,   coast,   15.54,  99776.00,  129.75,   78.43,   -0.67,  7.9, 0.02, 0.00, 9.28
6, 13230, 5,     3.40, 5,   coast,   15.73,  99778.00,  129.58,   78.26,   -0.52,  7.9, 0.02, 0.00, 9.28
6, 13230, 5,     3.41, 5,   coast,   15.91,  99777.00,  129.66,   78.34,   -0.36,  7.9, 0.02, 0.00, 9.28
6, 13230, 5,     3.42, 7,    main,   16.08,  99775.00,  129.83,   78.51,   -0.21,  7.9, 0.00, 0.01, 9.28
6, 13230, 5,     3.42, 7,    main,   16.08,  99775.00,  129.83,   78.51,   -0.21,  7.9, 0.00, 0.01, 9.28
6, 13230, 5,     3.43, 7,    main,   16.34,  99775.00,  129.83,   78.51,    0.67,  7.9, 0.00, 0.01, 9.26
6, 13230, 5,     3.53, 7,    main,   16.24, 102907.00, -130.86, -182.18,    2.32,  7.9, 0.00, 0.01, 9.28
6, 13230, 5,     3.63, 7,    main,   15.02, 100338.00,   82.49,   31.17,    3.97,  7.9, 0.02, 0.00, 9.28
6, 13230, 5,     3.73, 7,    main,   13.02,  99790.00,  128.57,   77.25,    5.51,  8.0, 0.02, 0.00, 9.28
6, 13230, 5,     3.83, 7,    main,   10.59,  99790.00,  128.57,   77.25,    6.88,  8.0, 0.02, 0.00, 9.28
6, 13230, 5,     3.93, 7,    main,    7.99,  99739.00,  132.87,   81.55,    8.03,  8.0, 0.00, 0.01, 9.28
6, 13230, 5,     4.03, 7,    main,    5.03,  99787.00,  128.82,   77.50,    8.89,  8.0, 0.02, 0.00, 9.28
6, 13230, 5,     4.13, 7,    main,    1.89,  99761.00,  131.01,   79.69,    9.42,  8.0, 0.02, 0.00, 9.28
6, 13230, 5,     4.23, 7,    main,   -1.27,  99748.00,  132.11,   80.79,    9.60,  8.0, 0.02, 0.00, 9.28
6, 13230, 5,     4.33, 7,    main,   -4.30,  99787.00,  128.82,   77.50,    9.45,  8.0, 0.02, 0.00, 9.29
6, 13230, 5,     4.43, 7,    main,   -7.06,  99773.00,  130.00,   78.68,    8.98,  8.0, 0.02, 0.00, 9.29
6, 13230, 5,     4.53, 7,    main,   -9.44,  99799.00,  127.81,   76.49,    8.21,  8.0, 0.02, 0.00, 9.29
6, 13230, 5,     4.63, 7,    main,  -11.35,  99788.00,  128.74,   77.42,    7.18,  8.0, 0.00, 0.01, 9.28
6, 13230, 5,     4.73, 7,    main,  -12.72,  99804.00,  127.39,   76.07,    5.96,  8.0, 0.02, 0.00, 9.29
6, 13230, 5,     4.83, 7,    main,  -13.52,  99830.00,  125.20,   73.88,    4.59,  8.0, 0.02, 0.00, 9.29
6, 13230, 5,     4.93, 7,    main,  -13.76,  99808.00,  127.05,   75.73,    3.14,  7.9, 0.02, 0.00, 9.29
6, 13230, 5,     5.03, 7,    main,  -13.71,  99827.00,  125.45,   74.13,    1.68,  7.9, 0.02, 0.00, 9.29
6, 13230, 5,     5.13, 7,    main,  -13.44,  99826.00,  125.53,   74.21,    0.25,  7.9, 0.02, 0.00, 9.29
6, 13230, 5,     5.23, 7,    main,  -12.81,  99844.00,  124.02,   72.70,   -1.08,  7.9, 0.02, 0.00, 9.29
6, 13230, 5,     5.33, 7,    main,  -11.58,  99863.00,  122.42,   71.10,   -2.28,  7.9, 0.02, 0.00, 9.29
6, 13230, 5,     5.43, 7,    main,   -9.53,  99864.00,  122.33,   71.01,   -3.34,  7.9, 0.02, 0.00, 9.29
6, 13230, 5,     5.53, 7,    main,   -6.85,  99842.00,  124.19,   72.87,   -5.42,  7.9, 0.02, 0.00, 9.29
6, 13230, 5,     5.63, 7,    main,   -4.06,  99864.00,  122.33,   71.01,   -5.76,  7.9, 0.02, 0.00, 9.29
6, 13230, 5,     5.73, 7,    main,   -1.77,  99903.00,  119.05,   67.73,   -5.76,  7.9, 0.00, 0.01, 9.28
6, 13230, 5,     5.83, 7,    main,   -0.36,  99898.00,  119.47,   68.15,   -5.73,  7.9, 0.02, 0.00, 9.29
6, 13230, 5,     5.93, 7,    main,    0.23,  99891.00,  120.06,   68.74,   -5.67,  7.9, 0.02, 0.00, 9.29
6, 13230, 5,     6.03, 7,    main,    0.29,  99901.00,  119.22,   67.90,   -5.65,  7.9, 0.02, 0.00, 9.29
6, 13230, 5,     6.13, 7,    main,    0.23,  99922.00,  117.45,   66.13,   -5.62,  7.9, 0.02, 0.00, 9.29
6, 13230, 5,     6.23, 7,    main,    0.13,  99928.00,  116.94,   65.62,   -5.58,  7.9, 0.02, 0.00, 9.29
6, 13230, 5,     6.33, 7,    main,    0.00,  99918.00,  117.79,   66.47,   -5.57,  7.9, 0.02, 0.00, 9.29
6, 13230, 5,     6.43, 7,    main,   -0.15,  99906.00,  118.80,   67.48,   -5.56,  7.9, 0.02, 0.00, 9.29
6, 13230, 5,     6.53, 7,    main,   -0.33,  99929.00,  116.86,   65.54,   -5.58,  7.9, 0.02, 0.00, 9.29
6, 13230, 5,     6.63, 7,    main,   -0.49,  99922.00,  117.45,   66.13,   -5.60,  7.9, 0.02, 0.00, 9.29
6, 13230, 5,     6.73, 7,    main,   -0.64,  99933.00,  116.52,   65.20,   -5.66,  7.9, 0.02, 0.00, 9.29
6, 13230, 5,     6.83, 7,    main,   -0.76,  99957.00,  114.50,   63.18,   -5.74,  7.9, 0.00, 0.01, 9.28
6, 13230, 5,     6.93, 7,    main,   -0.86,  99958.00,  114.42,   63.10,   -5.81,  7.9, 0.02, 0.00, 9.29
6, 13230, 5,     7.03, 7,    main,   -0.94,  99964.00,  113.91,   62.59,   -5.90,  7.9, 0.02, 0.00, 9.29
6, 13230, 5,     7.13, 7,    main,   -0.99,  99977.00,  112.82,   61.50,   -5.99,  7.9, 0.02, 0.00, 9.29
6, 13230, 5,     7.23, 7,    main,   -1.02,  99964.00,  113.91,   62.59,   -6.09,  7.9, 0.02, 0.00, 9.29
6, 13230, 5,     7.33, 7,    main,   -1.04,  99986.00,  112.06,   60.74,   -6.21,  7.9, 0.02, 0.00, 9.29
6, 13230, 5,     7.43, 7,    main,   -1.03, 100011.00,  109.96,   58.64,   -6.32,  7.9, 0.02, 0.00, 9.29
6, 13230, 5,     7.53, 7,    main,   -1.01,  99982.00,  112.40,   61.08,   -6.41,  7.9, 0.02, 0.00, 9.29
6, 13230, 5,     7.63, 7,    main,   -0.97,  99985.00,  112.15,   60.83,   -6.51,  7.9, 0.02, 0.00, 9.29
6, 13230, 5,     7.73, 7,    main,   -0.92, 100022.00,  109.03,   57.71,   -6.62,  7.9, 0.02, 0.00, 9.29
6, 13230, 5,     7.83, 7,    main,   -0.84, 100016.00,  109.54,   58.22,   -6.72,  7.9, 0.02, 0.00, 9.29
6, 13230, 5,     7.93, 7,    main,   -0.73, 100030.00,  108.36,   57.04,   -6.80,  7.9, 0.02, 0.00, 9.29
6, 13230, 5,     8.03, 7,    main,   -0.61, 100057.00,  106.09,   54.77,   -6.88,  7.9, 0.02, 0.00, 9.29
6, 13230, 5,     8.13, 7,    main,   -0.46, 100049.00,  106.76,   55.44,   -6.94,  7.9, 0.02, 0.00, 9.29
6, 13230, 5,     8.23, 7,    main,   -0.32, 100050.00,  106.68,   55.36,   -6.99,  7.9, 0.02, 0.00, 9.29
6, 13230, 5,     8.33, 7,    main,   -0.17, 100043.00,  107.27,   55.95,   -7.03,  7.9, 0.02, 0.00, 9.29
6, 13230, 5,     8.43, 7,    main,   -0.04, 100063.00,  105.59,   54.27,   -7.04,  7.9, 0.02, 0.00, 9.29
6, 13230, 5,     8.53, 7,    main,    0.07, 100092.00,  103.15,   51.83,   -7.04,  7.9, 0.02, 0.00, 9.29
6, 13230, 5,     8.63, 7,    main,    0.16, 100090.00,  103.32,   51.99,   -7.02,  7.9, 0.02, 0.00, 9.29
6, 13230, 5,     8.73, 7,    main,    0.23, 100120.00,  100.79,   49.47,   -7.00,  7.9, 0.02, 0.00, 9.29
6, 13230, 5,     8.83, 7,    main,    0.29, 100122.00,  100.63,   49.30,   -6.99,  7.9, 0.02, 0.00, 9.29
6, 13230, 5,     8.93, 7,    main,    0.34, 100120.00,  100.79,   49.47,   -6.96,  7.9, 0.02, 0.00, 9.29
6, 13230, 5,     9.03, 7,    main,    0.38, 100122.00,  100.63,   49.30,   -6.92,  7.9, 0.02, 0.00, 9.29
6, 13230, 5,     9.13, 7,    main,    0.41, 100124.00,  100.46,   49.14,   -6.88,  7.9, 0.02, 0.00, 9.29
6, 13230, 5,     9.23, 7,    main,    0.42, 100132.00,   99.78,   48.46,   -6.82,  7.9, 0.02, 0.00, 9.29
6, 13230, 5,     9.33, 7,    main,    0.41, 100154.00,   97.94,   46.62,   -6.78,  7.9, 0.02, 0.00, 9.29
6, 13230, 5,     9.43, 7,    main,    0.39, 100152.00,   98.10,   46.78,   -6.75,  7.9, 0.02, 0.00, 9.29
6, 13230, 5,     9.53, 7,    main,    0.36, 100160.00,   97.43,   46.11,   -6.71,  7.9, 0.02, 0.00, 9.29
6, 13230, 5,     9.63, 7,    main,    0.31, 100171.00,   96.51,   45.19,   -6.67,  7.9, 0.02, 0.00, 9.29
6, 13230, 5,     9.73, 7,    main,    0.27, 100189.00,   95.00,   43.68,   -6.63,  7.9, 0.02, 0.00, 9.29
6, 13230, 5,     9.83, 7,    main,    0.23, 100201.00,   93.99,   42.67,   -6.60,  7.9, 0.02, 0.00, 9.29
6, 13230, 5,     9.93, 7,    main,    0.21, 100209.00,   93.32,   42.00,   -6.59,  7.9, 0.02, 0.00, 9.29
6, 13230, 5,    10.03, 7,    main,    0.22, 100216.00,   92.73,   41.41,   -6.58,  7.9, 0.02, 0.00, 9.29
6, 13230, 5,    10.13, 7,    main,    0.24, 100200.00,   94.07,   42.75,   -6.56,  7.9, 0.02, 0.00, 9.29
6, 13230, 5,    10.23, 7,    main,    0.26, 100219.00,   92.48,   41.16,   -6.53,  7.9, 0.02, 0.00, 9.29
6, 13230, 5,    10.33, 7,    main,    0.27, 100233.00,   91.30,   39.98,   -6.50,  7.9, 0.02, 0.00, 9.29
6, 13230, 5,    10.43, 7,    main,    0.27, 100230.00,   91.55,   40.23,   -6.46,  7.9, 0.02, 0.00, 9.29
6, 13230, 5,    10.53, 7,    main,    0.27, 100226.00,   91.89,   40.57,   -6.44,  7.9, 0.02, 0.00, 9.29
6, 13230, 5,    10.63, 7,    main,    0.28, 100221.00,   92.31,   40.99,   -6.42,  7.9, 0.02, 0.00, 9.29
6, 13230, 5,    10.73, 7,    main,    0.30, 100264.00,   88.70,   37.38,   -6.40,  7.9, 0.02, 0.00, 9.29
6, 13230, 5,    10.83, 7,    main,    0.33, 100279.00,   87.44,   36.12,   -6.37,  7.9, 0.02, 0.00, 9.29
6, 13230, 5,    10.93, 7,    main,    0.36, 100274.00,   87.86,   36.54,   -6.33,  7.9, 0.02, 0.00, 9.29
6, 13230, 5,    11.03, 7,    main,    0.39, 100285.00,   86.93,   35.61,   -6.29,  7.9, 0.02, 0.00, 9.29
6, 13230, 5,    11.13, 7,    main,    0.42, 100301.00,   85.59,   34.27,   -6.26,  7.9, 0.02, 0.00, 9.28
6, 13230, 5,    11.23, 7,    main,    0.44, 100288.00,   86.68,   35.36,   -6.22,  7.9, 0.02, 0.00, 9.29
6, 13230, 5,    11.33, 7,    main,    0.47, 100313.00,   84.58,   33.26,   -6.17,  7.9, 0.02, 0.00, 9.29
6, 13230, 5,    11.43, 7,    main,    0.49, 100326.00,   83.49,   32.17,   -6.12,  7.9, 0.02, 0.00, 9.29
6, 13230, 5,    11.53, 7,    main,    0.50, 100327.00,   83.41,   32.09,   -6.07,  7.9, 0.02, 0.00, 9.29
6, 13230, 5,    11.63, 7,    main,    0.51, 100335.00,   82.74,   31.42,   -6.02,  7.9, 0.02, 0.00, 9.29
6, 13230, 5,    11.73, 7,    main,    0.50, 100314.00,   84.50,   33.18,   -5.97,  7.8, 0.02, 0.00, 9.29
6, 13230, 5,    11.83, 7,    main,    0.50, 100342.00,   82.15,   30.83,   -5.91,  7.8, 0.02, 0.00, 9.29
6, 13230, 5,    11.93, 7,    main,    0.49, 100358.00,   80.81,   29.49,   -5.87,  7.9, 0.02, 0.00, 9.29
6, 13230, 5,    12.03, 7,    main,    0.48, 100368.00,   79.97,   28.65,   -5.82,  7.9, 0.02, 0.00, 9.29
6, 13230, 5,    12.13, 7,    main,    0.47, 100345.00,   81.90,   30.58,   -5.77,  7.8, 0.02, 0.00, 9.29
6, 13230, 5,    12.23, 7,    main,    0.44, 100349.00,   81.56,   30.24,   -5.72,  7.8, 0.02, 0.00, 9.29
6, 13230, 5,    12.33, 7,    main,    0.39, 100370.00,   79.80,   28.48,   -5.68,  7.8, 0.02, 0.00, 9.29
6, 13230, 5,    12.43, 7,    main,    0.31, 100360.00,   80.64,   29.32,   -5.63,  7.8, 0.02, 0.00, 9.29
6, 13230, 5,    12.53, 7,    main,    0.20, 100390.00,   78.12,   26.80,   -5.59,  7.8, 0.02, 0.00, 9.29
6, 13230, 5,    12.63, 7,    main,    0.08, 100404.00,   76.95,   25.63,   -5.56,  7.8, 0.02, 0.00, 9.29
6, 13230, 5,    12.73, 7,    main,   -0.03, 100411.00,   76.36,   25.04,   -5.56,  7.8, 0.02, 0.00, 9.29
6, 13230, 5,    12.83, 7,    main,   -0.11, 100416.00,   75.94,   24.62,   -5.57,  7.8, 0.02, 0.00, 9.29
6, 13230, 5,    12.93, 7,    main,   -0.16, 100424.00,   75.27,   23.95,   -5.59,  7.8, 0.02, 0.00, 9.29
6, 13230, 5,    13.03, 7,    main,   -0.20, 100442.00,   73.76,   22.44,   -5.61,  7.8, 0.02, 0.00, 9.29
6, 13230, 5,    13.13, 7,    main,   -0.23, 100443.00,   73.68,   22.36,   -5.63,  7.8, 0.02, 0.00, 9.29
6, 13230, 5,    13.23, 7,    main,   -0.26, 100434.00,   74.43,   23.11,   -5.64,  7.8, 0.02, 0.00, 9.29
6, 13230, 5,    13.33, 7,    main,   -0.30, 100428.00,   74.94,   23.62,   -5.67,  7.8, 0.02, 0.00, 9.29
6, 13230, 5,    13.43, 7,    main,   -0.33, 100432.00,   74.60,   23.28,   -5.71,  7.8, 0.02, 0.00, 9.29
6, 13230, 5,    13.53, 7,    main,   -0.36, 100437.00,   74.18,   22.86,   -5.74,  7.8, 0.02, 0.00, 9.29
6, 13230, 5,    13.63, 7,    main,   -0.37, 100467.00,   71.67,   20.35,   -5.78,  7.8, 0.02, 0.00, 9.29
6, 13230, 5,    13.73, 7,    main,   -0.38, 100448.00,   73.26,   21.94,   -5.81,  7.8, 0.02, 0.00, 9.29
6, 13230, 5,    13.83, 7,    main,   -0.36, 100459.00,   72.34,   21.02,   -5.86,  7.8, 0.02, 0.00, 9.29
6, 13230, 5,    13.93, 7,    main,   -0.32, 100495.00,   69.32,   18.00,   -5.90,  7.8, 0.02, 0.00, 9.29
6, 13230, 5,    14.03, 7,    main,   -0.27, 100492.00,   69.57,   18.25,   -5.94,  7.8, 0.02, 0.00, 9.29
6, 13230, 5,    14.13, 7,    main,   -0.22, 100500.00,   68.90,   17.58,   -5.96,  7.8, 0.02, 0.00, 9.29
6, 13230, 5,    14.23, 7,    main,   -0.18, 100494.00,   69.41,   18.08,   -5.98,  7.8, 0.02, 0.00, 9.29
6, 13230, 5,    14.33, 7,    main,   -0.15, 100506.00,   68.40,   17.08,   -6.00,  7.8, 0.02, 0.00, 9.29
6, 13230, 5,    14.43, 7,    main,   -0.12, 100503.00,   68.65,   17.33,   -6.00,  7.8, 0.02, 0.00, 9.29
6, 13230, 5,    14.53, 7,    main,   -0.11, 100538.00,   65.72,   14.40,   -6.02,  7.8, 0.02, 0.00, 9.29
6, 13230, 5,    14.63, 7,    main,   -0.09, 100531.00,   66.30,   14.98,   -6.03,  7.8, 0.02, 0.00, 9.29
6, 13230, 5,    14.73, 7,    main,   -0.08, 100558.00,   64.04,   12.72,   -6.04,  7.8, 0.02, 0.00, 9.29
6, 13230, 5,    14.83, 7,    main,   -0.07, 100566.00,   63.37,   12.05,   -6.05,  7.8, 0.02, 0.00, 9.29
6, 13230, 5,    14.93, 7,    main,   -0.07, 100577.00,   62.45,   11.13,   -6.05,  7.8, 0.02, 0.00, 9.29
6, 13230, 5,    15.03, 7,    main,   -0.09, 100555.00,   64.29,   12.97,   -6.05,  7.8, 0.02, 0.00, 9.29
6, 13230, 5,    15.13, 7,    main,   -0.11, 100551.00,   64.63,   13.31,   -6.07,  7.8, 0.02, 0.00, 9.29
6, 13230, 5,    15.23, 7,    main,   -0.12, 100558.00,   64.04,   12.72,   -6.08,  7.8, 0.02, 0.00, 9.29
6, 13230, 5,    15.33, 7,    main,   -0.13, 100576.00,   62.54,   11.22,   -6.08,  7.8, 0.02, 0.00, 9.29
6, 13230, 5,    15.43, 7,    main,   -0.13, 100583.00,   61.95,   10.63,   -6.10,  7.8, 0.02, 0.00, 9.29
6, 13230, 5,    15.53, 7,    main,   -0.11, 100599.00,   60.61,    9.29,   -6.12,  7.8, 0.02, 0.00, 9.29
6, 13230, 5,    15.63, 7,    main,   -0.07, 100606.00,   60.02,    8.70,   -6.14,  7.8, 0.02, 0.00, 9.29
6, 13230, 5,    15.73, 7,    main,    0.02, 100618.00,   59.02,    7.70,   -6.15,  7.8, 0.02, 0.00, 9.29
6, 13230, 5,    15.83, 7,    main,    0.15, 100626.00,   58.35,    7.03,   -6.15,  7.8, 0.02, 0.00, 9.29
6, 13230, 5,    15.93, 7,    main,    0.33, 100623.00,   58.60,    7.28,   -6.15,  7.8, 0.02, 0.00, 9.29
6, 13230, 5,    16.03, 7,    main,    0.55, 100631.00,   57.93,    6.61,   -6.12,  7.8, 0.02, 0.00, 9.29
6, 13230, 5,    16.13, 7,    main,    0.80, 100636.00,   57.51,    6.19,   -6.08,  7.8, 0.02, 0.00, 9.29
6, 13230, 5,    16.23, 7,    main,    1.08, 100641.00,   57.09,    5.77,   -6.00,  7.8, 0.02, 0.00, 9.29
6, 13230, 5,    16.33, 7,    main,    1.36, 100656.00,   55.84,    4.52,   -5.89,  7.8, 0.02, 0.00, 9.29
6, 13230, 5,    16.43, 7,    main,    1.65, 100645.00,   56.76,    5.44,   -5.75,  7.8, 0.02, 0.00, 9.29
6, 13230, 5,    16.53, 7,    main,    1.95, 100674.00,   54.33,    3.01,   -5.59,  7.8, 0.02, 0.00, 9.29
6, 13230, 5,    16.63, 7,    main,    2.24, 100684.00,   53.50,    2.18,   -5.39,  7.8, 0.02, 0.00, 9.29
6, 13230, 5,    16.73, 7,    main,    2.53, 100701.00,   52.07,    0.75,   -5.17,  7.8, 0.02, 0.00, 9.29
6, 13230, 5,    16.83, 7,    main,    2.79, 100698.00,   52.32,    1.00,   -4.92,  7.8, 0.02, 0.00, 9.29
6, 13230, 5,    16.93, 7,    main,    3.02, 100696.00,   52.49,    1.17,   -4.64,  7.8, 0.02, 0.00, 9.29
6, 13230, 5,    17.03, 7,    main,    3.19, 100712.00,   51.15,   -0.17,   -4.32,  7.8, 0.02, 0.00, 9.29
6, 13230, 5,    17.13, 7,    main,    3.29, 100742.00,   48.64,   -2.68,   -3.99,  7.8, 0.02, 0.00, 9.28
6, 13230, 5,    17.23, 7,    main,    3.33, 100743.00,   48.56,   -2.76,   -3.64,  7.8, 0.02, 0.00, 9.28
6, 13230, 5,    17.33, 7,    main,    3.31, 100723.00,   50.23,   -1.09,   -3.31,  7.8, 0.02, 0.00, 9.28
6, 13230, 5,    17.43, 7,    main,    3.25, 100743.00,   48.56,   -2.76,   -2.97,  7.8, 0.02, 0.00, 9.28
6, 13230, 5,    17.53, 7,    main,    3.15, 100726.00,   49.98,   -1.34,   -2.64,  7.8, 0.02, 0.00, 9.28
6, 13230, 5,    17.63, 7,    main,    3.02, 100734.00,   49.31,   -2.01,   -2.32,  7.8, 0.02, 0.00, 9.28
6, 13230, 5,    17.73, 7,    main,    2.85, 100735.00,   49.23,   -2.09,   -2.01,  7.8, 0.02, 0.00, 9.28
6, 13230, 5,    17.83, 7,    main,    2.66, 100740.00,   48.81,   -2.51,   -1.72,  7.8, 0.02, 0.00, 9.28
6, 13230, 5,    17.93, 7,    main,    2.44, 100738.00,   48.98,   -2.34,   -1.45,  7.8, 0.02, 0.00, 9.28
6, 13230, 5,    18.03, 7,    main,    2.19, 100741.00,   48.73,   -2.59,   -1.20,  7.8, 0.02, 0.00, 9.29
6, 13230, 5,    18.13, 7,    main,    1.93, 100742.00,   48.64,   -2.68,   -0.98,  7.8, 0.02, 0.00, 9.28
6, 13230, 5,    18.23, 7,    main,    1.67, 100739.00,   48.89,   -2.43,   -0.78,  7.8, 0.02, 0.00, 9.28
6, 13230, 5,    18.33, 7,    main,    1.40, 100742.00,   48.64,   -2.68,   -0.62,  7.8, 0.02, 0.00, 9.29
6, 13230, 5,    18.43, 7,    main,    1.15, 100743.00,   48.56,   -2.76,   -0.48,  7.8, 0.02, 0.00, 9.28
6, 13230, 5,    18.53, 7,    main,    0.92, 100739.00,   48.89,   -2.43,   -0.37,  7.8, 0.02, 0.00, 9.28
6, 13230, 5,    18.63, 7,    main,    0.71, 100738.00,   48.98,   -2.34,   -0.28,  7.8, 0.02, 0.00, 9.28
6, 13230, 5,    18.73, 7,    main,    0.53, 100742.00,   48.64,   -2.68,   -0.22,  7.8, 0.02, 0.00, 9.28
6, 13230, 5,    18.83, 7,    main,    0.38, 100745.00,   48.39,   -2.93,   -0.17,  7.8, 0.02, 0.00, 9.28
6, 13230, 5,    18.93, 7,    main,    0.24, 100740.00,   48.81,   -2.51,   -0.13,  7.8, 0.02, 0.00, 9.29
6, 13230, 5,    19.03, 7,    main,    0.14, 100739.00,   48.89,   -2.43,   -0.11,  7.8, 0.02, 0.00, 9.29
6, 13230, 5,    19.13, 7,    main,    0.06, 100741.00,   48.73,   -2.59,   -0.10,  7.8, 0.02, 0.00, 9.28
6, 13230, 5,    19.23, 7,    main,    0.01, 100741.00,   48.73,   -2.59,   -0.10,  7.8, 0.02, 0.00, 9.28
6, 13230, 5,    19.33, 7,    main,   -0.03, 100741.00,   48.73,   -2.59,   -0.10,  7.8, 0.02, 0.00, 9.28
6, 13230, 5,    19.43, 7,    main,   -0.06, 100738.00,   48.98,   -2.34,   -0.11,  7.8, 0.02, 0.00, 9.28
6, 13230, 5,    19.53, 7,    main,   -0.08, 100738.00,   48.98,   -2.34,   -0.11,  7.8, 0.02, 0.00, 9.28
6, 13230, 5,    19.63, 7,    main,   -0.09, 100742.00,   48.64,   -2.68,   -0.12,  7.8, 0.02, 0.00, 9.28
6, 13230, 5,    19.73, 7,    main,   -0.10, 100741.00,   48.73,   -2.59,   -0.13,  7.8, 0.02, 0.00, 9.28
6, 13230, 5,    19.83, 7,    main,   -0.09, 100741.00,   48.73,   -2.59,   -0.14,  7.8, 0.02, 0.00, 9.28
6, 13230, 5,    19.93, 7,    main,   -0.07, 100738.00,   48.98,   -2.34,   -0.15,  7.7, 0.02, 0.00, 9.28
6, 13230, 5,    20.03, 7,    main,   -0.03, 100743.00,   48.56,   -2.76,   -0.16,  7.7, 0.02, 0.00, 9.29
6, 13230, 5,    20.13, 7,    main,    0.01, 100742.00,   48.64,   -2.68,   -0.17,  7.7, 0.02, 0.00, 9.28
6, 13230, 5,    20.23, 7,    main,    0.06, 100740.00,   48.81,   -2.51,   -0.17,  7.7, 0.02, 0.00, 9.28
6, 13230, 5,    20.33, 7,    main,    0.11, 100744.00,   48.48,   -2.84,   -0.16,  7.7, 0.02, 0.00, 9.28
6, 13230, 5,    20.43, 7,    main,    0.15, 100744.00,   48.48,   -2.84,   -0.15,  7.7, 0.02, 0.00, 9.29
6, 13230, 5,    20.53, 7,    main,    0.19, 100739.00,   48.89,   -2.43,   -0.13,  7.7, 0.02, 0.00, 9.28
6, 13230, 5,    20.63, 7,    main,    0.22, 100745.00,   48.39,   -2.93,   -0.11,  7.7, 0.02, 0.00, 9.29
6, 13230, 5,    20.73, 7,    main,    0.25, 100744.00,   48.48,   -2.84,   -0.09,  7.7, 0.02, 0.00, 9.28
6, 13230, 5,    20.83, 7,    main,    0.27, 100744.00,   48.48,   -2.84,   -0.07,  7.7, 0.02, 0.00, 9.28
6, 13230, 5,    20.93, 7,    main,    0.29, 100746.00,   48.31,   -3.01,   -0.04,  7.7, 0.02, 0.00, 9.29
6, 13230, 5,    21.03, 7,    main,    0.29, 100747.00,   48.23,   -3.09,   -0.01,  7.7, 0.02, 0.00, 9.28
6, 13230, 5,    21.13, 7,    main,    0.29, 100741.00,   48.73,   -2.59,    0.02,  7.7, 0.02, 0.00, 9.28
6, 13230, 5,    21.23, 7,    main,    0.28, 100746.00,   48.31,   -3.01,    0.05,  7.7, 0.02, 0.00, 9.29
6, 13230, 5,    21.33, 7,    main,    0.26, 100746.00,   48.31,   -3.01,    0.08,  7.7, 0.02, 0.00, 9.28
6, 13230, 5,    21.43, 7,    main,    0.24, 100745.00,   48.39,   -2.93,    0.11,  7.7, 0.02, 0.00, 9.29
6, 13230, 5,    21.53, 7,    main,    0.20, 100745.00,   48.39,   -2.93,    0.14,  7.7, 0.02, 0.00, 9.28
6, 13230, 5,    21.63, 7,    main,    0.16, 100748.00,   48.14,   -3.18,    0.16,  7.7, 0.02, 0.00, 9.28
6, 13230, 5,    21.73, 7,    main,    0.12, 100743.00,   48.56,   -2.76,    0.17,  7.7, 0.02, 0.00, 9.28
6, 13230, 5,    21.83, 7,    main,    0.08, 100745.00,   48.39,   -2.93,    0.18,  7.7, 0.02, 0.00, 9.29
6, 13230, 5,    21.93, 7,    main,    0.03, 100741.00,   48.73,   -2.59,    0.19,  7.7, 0.02, 0.00, 9.28
6, 13230, 5,    22.03, 7,    main,   -0.01, 100744.00,   48.48,   -2.84,    0.20,  7.7, 0.02, 0.00, 9.28
6, 13230, 5,    22.13, 7,    main,   -0.06, 100741.00,   48.73,   -2.59,    0.20,  7.7, 0.02, 0.00, 9.28
6, 13230, 5,    22.23, 7,    main,   -0.10, 100735.00,   49.23,   -2.09,    0.19,  7.7, 0.02, 0.00, 9.28
6, 13230, 5,    22.33, 7,    main,   -0.14, 100736.00,   49.15,   -2.17,    0.18,  7.7, 0.02, 0.00, 9.28
6, 13230, 5,    22.43, 7,    main,   -0.17, 100738.00,   48.98,   -2.34,    0.16,  7.7, 0.02, 0.00, 9.28
6, 13230, 5,    22.53, 7,    main,   -0.19, 100738.00,   48.98,   -2.34,    0.15,  7.7, 0.02, 0.00, 9.29
6, 13230, 5,    22.63, 7,    main,   -0.20, 100743.00,   48.56,   -2.76,    0.12,  7.7, 0.02, 0.00, 9.29
6, 13230, 5,    22.73, 7,    main,   -0.21, 100741.00,   48.73,   -2.59,    0.10,  7.7, 0.02, 0.00, 9.28
6, 13230, 5,    22.83, 7,    main,   -0.20, 100741.00,   48.73,   -2.59,    0.08,  7.7, 0.02, 0.00, 9.28
6, 13230, 5,    22.93, 7,    main,   -0.19, 100742.00,   48.64,   -2.68,    0.06,  7.7, 0.02, 0.00, 9.28
6, 13230, 5,    23.03, 7,    main,   -0.17, 100739.00,   48.89,   -2.43,    0.04,  7.7, 0.02, 0.00, 9.28
6, 13230, 5,    23.13, 7,    main,   -0.15, 100744.00,   48.48,   -2.84,    0.02,  7.7, 0.02, 0.00, 9.28
6, 13230, 5,    23.23, 7,    main,   -0.12, 100739.00,   48.89,   -2.43,    0.01,  7.7, 0.02, 0.00, 9.29
6, 13230, 5,    23.33, 7,    main,   -0.10, 100739.00,   48.89,   -2.43,   -0.01,  7.7, 0.02, 0.00, 9.29
6, 13230, 5,    23.43, 7,    main,   -0.07, 100739.00,   48.89,   -2.43,   -0.02,  7.7, 0.02, 0.00, 9.29
6, 13230, 5,    23.53, 7,    main,   -0.04, 100738.00,   48.98,   -2.34,   -0.02,  7.7, 0.02, 0.00, 9.29
6, 13230, 5,    23.63, 7,    main,   -0.02, 100740.00,   48.81,   -2.51,   -0.03,  7.7, 0.02, 0.00, 9.28
6, 13230, 5,    23.73, 7,    main,    0.01, 100739.00,   48.89,   -2.43,   -0.03,  7.7, 0.02, 0.00, 9.28
6, 13230, 5,    23.83, 7,    main,    0.03, 100743.00,   48.56,   -2.76,   -0.03,  7.7, 0.02, 0.00, 9.28
6, 13230, 5,    23.93, 7,    main,    0.04, 100735.00,   49.23,   -2.09,   -0.02,  7.7, 0.02, 0.00, 9.28
6, 13230, 5,    24.03, 7,    main,    0.05, 100736.00,   49.15,   -2.17,   -0.02,  7.7, 0.02, 0.00, 9.28
6, 13230, 5,    24.13, 7,    main,    0.06, 100741.00,   48.73,   -2.59,   -0.01,  7.7, 0.02, 0.00, 9.28
6, 13230, 5,    24.23, 7,    main,    0.05, 100749.00,   48.06,   -3.26,   -0.00,  7.7, 0.02, 0.00, 9.28
6, 13230, 5,    24.33, 7,    main,    0.05, 100741.00,   48.73,   -2.59,    0.00,  7.7, 0.02, 0.00, 9.28
6, 13230, 5,    24.43, 7,    main,    0.03, 100741.00,   48.73,   -2.59,    0.01,  7.7, 0.02, 0.00, 9.28
6, 13230, 5,    24.53, 7,    main,    0.02, 100744.00,   48.48,   -2.84,    0.01,  7.7, 0.02, 0.00, 9.29
6, 13230, 5,    24.63, 7,    main,    0.01, 100746.00,   48.31,   -3.01,    0.01,  7.7, 0.02, 0.00, 9.29
6, 13230, 5,    24.73, 7,    main,   -0.00, 100738.00,   48.98,   -2.34,    0.01,  7.7, 0.02, 0.00, 9.29
6, 13230, 5,    24.83, 7,    main,   -0.01, 100741.00,   48.73,   -2.59,    0.01,  7.7, 0.02, 0.00, 9.28
6, 13230, 5,    24.93, 7,    main,   -0.02, 100735.00,   49.23,   -2.09,    0.01,  7.7, 0.02, 0.00, 9.29
6, 13230, 5,    25.03, 7,    main,   -0.03, 100740.00,   48.81,   -2.51,    0.01,  7.7, 0.02, 0.00, 9.28
6, 13230, 5,    25.13, 7,    main,   -0.03, 100742.00,   48.64,   -2.68,    0.01,  7.7, 0.02, 0.00, 9.28
6, 13230, 5,    25.23, 7,    main,   -0.04, 100739.00,   48.89,   -2.43,    0.00,  7.7, 0.02, 0.00, 9.28
6, 13230, 5,    25.33, 7,    main,   -0.04, 100736.00,   49.15,   -2.17,   -0.00,  7.7, 0.02, 0.00, 9.29
6, 13230, 5,    25.43, 7,    main,   -0.04, 100741.00,   48.73,   -2.59,   -0.00,  7.7, 0.02, 0.00, 9.28
6, 13230, 5,    25.53, 7,    main,   -0.03, 100735.00,   49.23,   -2.09,   -0.01,  7.7, 0.02, 0.00, 9.29
6, 13230, 5,    25.63, 7,    main,   -0.02, 100743.00,   48.56,   -2.76,   -0.02,  7.7, 0.02, 0.00, 9.28
6, 13230, 5,    25.73, 7,    main,   -0.01, 100742.00,   48.64,   -2.68,   -0.02,  7.7, 0.02, 0.00, 9.28
6, 13230, 5,    25.83, 7,    main,    0.00, 100742.00,   48.64,   -2.68,   -0.02,  7.7, 0.02, 0.00, 9.28
6, 13230, 5,    25.93, 7,    main,    0.02, 100737.00,   49.06,   -2.26,   -0.02,  7.7, 0.02, 0.00, 9.28
6, 13230, 5,    26.03, 7,    main,    0.04, 100741.00,   48.73,   -2.59,   -0.02,  7.7, 0.02, 0.00, 9.29
6, 13230, 5,    26.13, 7,    main,    0.06, 100742.00,   48.64,   -2.68,   -0.01,  7.7, 0.02, 0.00, 9.28
6, 13230, 5,    26.23, 7,    main,    0.08, 100741.00,   48.73,   -2.59,   -0.01,  7.7, 0.02, 0.00, 9.28
6, 13230, 5,    26.33, 7,    main,    0.10, 100741.00,   48.73,   -2.59,   -0.00,  7.7, 0.02, 0.00, 9.28
6, 13230, 5,    26.43, 7,    main,    0.12, 100743.00,   48.56,   -2.76,    0.01,  7.7, 0.02, 0.00, 9.28
6, 13230, 5,    26.53, 7,    main,    0.13, 100740.00,   48.81,   -2.51,    0.02,  7.7, 0.02, 0.00, 9.29
6, 13230, 5,    26.63, 7,    main,    0.13, 100738.00,   48.98,   -2.34,    0.04,  7.7, 0.02, 0.00, 9.29
6, 13230, 5,    26.73, 7,    main,    0.13, 100742.00,   48.64,   -2.68,    0.05,  7.7, 0.02, 0.00, 9.29
6, 13230, 5,    26.83, 7,    main,    0.12, 100743.00,   48.56,   -2.76,    0.07,  7.7, 0.02, 0.00, 9.28
6, 13230, 5,    26.93, 7,    main,    0.10, 100739.00,   48.89,   -2.43,    0.08,  7.7, 0.02, 0.00, 9.29
6, 13230, 5,    27.03, 7,    main,    0.08, 100745.00,   48.39,   -2.93,    0.09,  7.7, 0.02, 0.00, 9.28
6, 13230, 5,    27.13, 7,    main,    0.05, 100737.00,   49.06,   -2.26,    0.10,  7.7, 0.02, 0.00, 9.28
6, 13230, 5,    27.23, 7,    main,    0.03, 100743.00,   48.56,   -2.76,    0.10,  7.7, 0.02, 0.00, 9.28
6, 13230, 5,    27.33, 7,    main,   -0.00, 100740.00,   48.81,   -2.51,    0.11,  7.6, 0.02, 0.00, 9.29
6, 13230, 5,    27.43, 7,    main,   -0.03, 100736.00,   49.15,   -2.17,    0.11,  7.6, 0.02, 0.00, 9.28
6, 13230, 5,    27.53, 7,    main,   -0.06, 100742.00,   48.64,   -2.68,    0.10,  7.6, 0.02, 0.00, 9.28
6, 13230, 5,    27.63, 7,    main,   -0.09, 100742.00,   48.64,   -2.68,    0.10,  7.6, 0.02, 0.00, 9.29
6, 13230, 5,    27.73, 7,    main,   -0.11, 100735.00,   49.23,   -2.09,    0.09,  7.6, 0.02, 0.00, 9.29
6, 13230, 5,    27.83, 7,    main,   -0.13, 100738.00,   48.98,   -2.34,    0.07,  7.6, 0.02, 0.00, 9.29
6, 13230, 5,    27.93, 7,    main,   -0.14, 100739.00,   48.89,   -2.43,    0.06,  7.6, 0.02, 0.00, 9.28
6, 13230, 5,    28.03, 7,    main,   -0.14, 100741.00,   48.73,   -2.59,    0.04,  7.6, 0.02, 0.00, 9.28
6, 13230, 5,    28.13, 7,    main,   -0.14, 100736.00,   49.15,   -2.17,    0.03,  7.6, 0.02, 0.00, 9.28
6, 13230, 5,    28.23, 7,    main,   -0.14, 100736.00,   49.15,   -2.17,    0.01,  7.6, 0.02, 0.00, 9.29
6, 13230, 5,    28.33, 7,    main,   -0.13, 100741.00,   48.73,   -2.59,    0.00,  7.6, 0.02, 0.00, 9.29
6, 13230, 5,    28.43, 7,    main,   -0.13, 100736.00,   49.15,   -2.17,   -0.01,  7.6, 0.02, 0.00, 9.29
6, 13230, 5,    28.53, 7,    main,   -0.12, 100740.00,   48.81,   -2.51,   -0.02,  7.6, 0.02, 0.00, 9.28
6, 13230, 5,    28.63, 7,    main,   -0.11, 100735.00,   49.23,   -2.09,   -0.04,  7.6, 0.02, 0.00, 9.28
6, 13230, 5,    28.73, 7,    main,   -0.10, 100736.00,   49.15,   -2.17,   -0.05,  7.6, 0.02, 0.00, 9.29
6, 13230, 5,    28.83, 7,    main,   -0.08, 100741.00,   48.73,   -2.59,   -0.06,  7.6, 0.02, 0.00, 9.29
6, 13230, 5,    28.93, 7,    main,   -0.06, 100742.00,   48.64,   -2.68,   -0.07,  7.6, 0.02, 0.00, 9.28
6, 13230, 5,    29.03, 7,    main,   -0.04, 100740.00,   48.81,   -2.51,   -0.07,  7.6, 0.02, 0.00, 9.29
6, 13230, 5,    29.13, 7,    main,   -0.02, 100739.00,   48.89,   -2.43,   -0.08,  7.6, 0.02, 0.00, 9.29
6, 13230, 5,    29.23, 7,    main,   -0.00, 100737.00,   49.06,   -2.26,   -0.08,  7.6, 0.02, 0.00, 9.29
6, 13230, 5,    29.33, 7,    main,    0.01, 100742.00,   48.64,   -2.68,   -0.08,  7.6, 0.02, 0.00, 9.28
6, 13230, 5,    29.43, 7,    main,    0.02, 100741.00,   48.73,   -2.59,   -0.07,  7.6, 0.02, 0.00, 9.28
6, 13230, 5,    29.53, 7,    main,    0.03, 100738.00,   48.98,   -2.34,   -0.07,  7.6, 0.02, 0.00, 9.28
6, 13230, 5,    29.63, 7,    main,    0.03, 100743.00,   48.56,   -2.76,   -0.07,  7.6, 0.02, 0.00, 9.28
6, 13230, 5,    29.73, 7,    main,    0.03, 100740.00,   48.81,   -2.51,   -0.07,  7.6, 0.02, 0.00, 9.29
6, 13230, 5,    29.83, 7,    main,    0.03, 100739.00,   48.89,   -2.43,   -0.06,  7.6, 0.02, 0.00, 9.29
6, 13230, 5,    29.93, 7,    main,    0.03, 100742.00,   48.64,   -2.68,   -0.06,  7.6, 0.02, 0.00, 9.28
6, 13230, 5,    30.03, 7,    main,    0.03, 100741.00,   48.73,   -2.59,   -0.06,  7.6, 0.02, 0.00, 9.29
6, 13230, 5,    30.13, 7,    main,    0.02, 100737.00,   49.06,   -2.26,   -0.05,  7.6, 0.02, 0.00, 9.29
6, 13230, 5,    30.23, 7,    main,    0.01, 100739.00,   48.89,   -2.43,   -0.05,  7.6, 0.02, 0.00, 9.28
6, 13230, 5,    30.33, 7,    main,    0.00, 100737.00,   49.06,   -2.26,   -0.05,  7.6, 0.02, 0.00, 9.29
6, 13230, 5,    30.43, 7,    main,   -0.01, 100739.00,   48.89,   -2.43,   -0.05,  7.6, 0.02, 0.00, 9.28
6, 13230, 5,    30.53, 7,    main,   -0.01, 100740.00,   48.81,   -2.51,   -0.05,  7.6, 0.02, 0.00, 9.28
6, 13230, 5,    30.63, 7,    main,   -0.02, 100745.00,   48.39,   -2.93,   -0.05,  7.6, 0.02, 0.00, 9.29
6, 13230, 5,    30.73, 7,    main,   -0.02, 100742.00,   48.64,   -2.68,   -0.05,  7.6, 0.02, 0.00, 9.28
6, 13230, 5,    30.83, 7,    main,   -0.02, 100742.00,   48.64,   -2.68,   -0.05,  7.6, 0.02, 0.00, 9.28
6, 13230, 5,    30.93, 7,    main,   -0.03, 100742.00,   48.64,   -2.68,   -0.06,  7.6, 0.02, 0.00, 9.29
6, 13230, 5,    31.03, 7,    main,   -0.02, 100741.00,   48.73,   -2.59,   -0.06,  7.6, 0.02, 0.00, 9.28
6, 13230, 5,    31.13, 7,    main,   -0.02, 100741.00,   48.73,   -2.59,   -0.06,  7.6, 0.02, 0.00, 9.28
6, 13230, 5,    31.23, 7,    main,   -0.02, 100740.00,   48.81,   -2.51,   -0.06,  7.6, 0.02, 0.00, 9.29
6, 13230, 5,    31.33, 7,    main,   -0.01, 100736.00,   49.15,   -2.17,   -0.07,  7.6, 0.02, 0.00, 9.28
6, 13230, 5,    31.43, 7,    main,   -0.01, 100740.00,   48.81,   -2.51,   -0.07,  7.6, 0.02, 0.00, 9.28
6, 13230, 5,    31.53, 7,    main,   -0.00, 100739.00,   48.89,   -2.43,   -0.07,  7.6, 0.02, 0.00, 9.29
6, 13230, 5,    31.63, 7,    main,    0.00, 100743.00,   48.56,   -2.76,   -0.07,  7.6, 0.02, 0.00, 9.29
6, 13230, 5,    31.73, 7,    main,    0.01, 100745.00,   48.39,   -2.93,   -0.07,  7.6, 0.02, 0.00, 9.29
6, 13230, 5,    31.83, 7,    main,    0.02, 100741.00,   48.73,   -2.59,   -0.07,  7.6, 0.02, 0.00, 9.28
6, 13230, 5,    31.93, 7,    main,    0.03, 100742.00,   48.64,   -2.68,   -0.07,  7.6, 0.02, 0.00, 9.29
6, 13230, 5,    32.03, 7,    main,    0.04, 100737.00,   49.06,   -2.26,   -0.06,  7.6, 0.02, 0.00, 9.29
6, 13230, 5,    32.13, 7,    main,    0.05, 100741.00,   48.73,   -2.59,   -0.06,  7.6, 0.02, 0.00, 9.29
6, 13230, 5,    32.23, 7,    main,    0.05, 100742.00,   48.64,   -2.68,   -0.05,  7.6, 0.02, 0.00, 9.28
6, 13230, 5,    32.33, 7,    main,    0.05, 100745.00,   48.39,   -2.93,   -0.05,  7.6, 0.02, 0.00, 9.29
6, 13230, 5,    32.43, 7,    main,    0.05, 100742.00,   48.64,   -2.68,   -0.04,  7.6, 0.02, 0.00, 9.29
6, 13230, 5,    32.53, 7,    main,    0.05, 100746.00,   48.31,   -3.01,   -0.04,  7.6, 0.02, 0.00, 9.28
6, 13230, 5,    32.63, 7,    main,    0.05, 100743.00,   48.56,   -2.76,   -0.03,  7.6, 0.02, 0.00, 9.29
6, 13230, 5,    32.73, 7,    main,    0.05, 100740.00,   48.81,   -2.51,   -0.03,  7.6, 0.02, 0.00, 9.29
6, 13230, 5,    32.83, 7,    main,    0.05, 100740.00,   48.81,   -2.51,   -0.02,  7.6, 0.02, 0.00, 9.28
6, 13230, 5,    32.93, 7,    main,    0.05, 100742.00,   48.64,   -2.68,   -0.02,  7.6, 0.02, 0.00, 9.28
6, 13230, 5,    33.03, 7,    main,    0.04, 100744.00,   48.48,   -2.84,   -0.01,  7.6, 0.02, 0.00, 9.28
6, 13230, 5,    33.13, 7,    main,    0.02, 100741.00,   48.73,   -2.59,   -0.01,  7.6, 0.02, 0.00, 9.29
6, 13230, 5,    33.23, 7,    main,    0.02, 100742.00,   48.64,   -2.68,   -0.00,  7.6, 0.02, 0.00, 9.29
6, 13230, 5,    33.33, 7,    main,    0.02, 100742.00,   48.64,   -2.68,   -0.00,  7.6, 0.02, 0.00, 9.28
6, 13230, 5,    33.45, 8,  landed,    0.02, 100742.00,   48.64,   -2.68,   -0.00,  7.6, 0.02, 0.00, 9.28
